Diptera,Culicidae,Anopheles quadriannulatus,[34691](https://www.ncbi.nlm.nih.gov/Taxonomy/Browser/wwwtax.cgi?id=34691 "NCBI Taxonomy DB Record"),NA,[11545](https://www.ncbi.nlm.nih.gov/genome/?term=11545 "NCBI Genome DB Record"),[InsectBase](http://www.insect-genome.com/ "InsectBase")
Lepidoptera,Nymphalidae,Heliconius cydno,[33424](https://www.ncbi.nlm.nih.gov/Taxonomy/Browser/wwwtax.cgi?id=33424 "NCBI Taxonomy DB Record"),NA,[10843](https://www.ncbi.nlm.nih.gov/genome/?term=10843 "NCBI Genome DB Record"),[Lepbase](http://lepbase.org/ "Lepbase")
Lepidoptera,Nymphalidae,Heliconius hecale,[33425](https://www.ncbi.nlm.nih.gov/Taxonomy/Browser/wwwtax.cgi?id=33425 "NCBI Taxonomy DB Record"),NA,[33769](https://www.ncbi.nlm.nih.gov/genome/?term=33769 "NCBI Genome DB Record"),[Lepbase](http://lepbase.org/ "Lepbase")
Lepidoptera,Nymphalidae,Heliconius ismenius,[33427](https://www.ncbi.nlm.nih.gov/Taxonomy/Browser/wwwtax.cgi?id=33427 "NCBI Taxonomy DB Record"),NA,[36108](https://www.ncbi.nlm.nih.gov/genome/?term=36108 "NCBI Genome DB Record")
Lepidoptera,Nymphalidae,Heliconius pardalinus,[33441](https://www.ncbi.nlm.nih.gov/Taxonomy/Browser/wwwtax.cgi?id=33441 "NCBI Taxonomy DB Record"),NA,[42296](https://www.ncbi.nlm.nih.gov/genome/?term=42296 "NCBI Genome DB Record"),[Lepbase](http://lepbase.org/ "Lepbase")
Lepidoptera,Nymphalidae,Heliconius elevatus,[33444](https://www.ncbi.nlm.nih.gov/Taxonomy/Browser/wwwtax.cgi?id=33444 "NCBI Taxonomy DB Record"),NA,[42294](https://www.ncbi.nlm.nih.gov/genome/?term=42294 "NCBI Genome DB Record"),[Lepbase](http://lepbase.org/ "Lepbase")
Ixodida,Ixodidae,Ixodes ricinus,[34613](https://www.ncbi.nlm.nih.gov/Taxonomy/Browser/wwwtax.cgi?id=34613 "NCBI Taxonomy DB Record"),castor bean tick,[16267](https://www.ncbi.nlm.nih.gov/genome/?term=16267 "NCBI Genome DB Record")
Mesostigmata,Phytoseiidae,Galendromus occidentalis,[34638](https://www.ncbi.nlm.nih.gov/Taxonomy/Browser/wwwtax.cgi?id=34638 "NCBI Taxonomy DB Record"),western predatory mite,[3487](https://www.ncbi.nlm.nih.gov/genome/?term=3487 "NCBI Genome DB Record")
Scorpiones,Buthidae,Mesobuthus martensii,[34649](https://www.ncbi.nlm.nih.gov/Taxonomy/Browser/wwwtax.cgi?id=34649 "NCBI Taxonomy DB Record"),Chinese scorpion; Manchurian scorpion,[14571](https://www.ncbi.nlm.nih.gov/genome/?term=14571 "NCBI Genome DB Record")
Diptera,Culicidae,Anopheles melas,[34690](https://www.ncbi.nlm.nih.gov/Taxonomy/Browser/wwwtax.cgi?id=34690 "NCBI Taxonomy DB Record"),NA,[11549](https://www.ncbi.nlm.nih.gov/genome/?term=11549 "NCBI Genome DB Record"),[VectorBase](https://www.vectorbase.org/ "VectorBase"); [InsectBase](http://www.insect-genome.com/ "InsectBase")
Lepidoptera,Nymphalidae,Heliconius numata,[33419](https://www.ncbi.nlm.nih.gov/Taxonomy/Browser/wwwtax.cgi?id=33419 "NCBI Taxonomy DB Record"),NA,[12823](https://www.ncbi.nlm.nih.gov/genome/?term=12823 "NCBI Genome DB Record"),[Lepbase](http://lepbase.org/ "Lepbase")
Hymenoptera,Formicidae,Trachymyrmex septentrionalis,[34720](https://www.ncbi.nlm.nih.gov/Taxonomy/Browser/wwwtax.cgi?id=34720 "NCBI Taxonomy DB Record"),NA,[44116](https://www.ncbi.nlm.nih.gov/genome/?term=44116 "NCBI Genome DB Record")
Lepidoptera,Nymphalidae,Heliconius melpomene,[34740](https://www.ncbi.nlm.nih.gov/Taxonomy/Browser/wwwtax.cgi?id=34740 "NCBI Taxonomy DB Record"),postman butterfly; common postman,[10844](https://www.ncbi.nlm.nih.gov/genome/?term=10844 "NCBI Genome DB Record"),[Lepbase](http://lepbase.org/ "Lepbase"); [InsectBase](http://www.insect-genome.com/ "InsectBase")
Diplostraca,Daphniidae,Daphnia magna,[35525](https://www.ncbi.nlm.nih.gov/Taxonomy/Browser/wwwtax.cgi?id=35525 "NCBI Taxonomy DB Record"),NA,[10953](https://www.ncbi.nlm.nih.gov/genome/?term=10953 "NCBI Genome DB Record")
Diptera,Muscidae,Stomoxys calcitrans,[35570](https://www.ncbi.nlm.nih.gov/Taxonomy/Browser/wwwtax.cgi?id=35570 "NCBI Taxonomy DB Record"),stable fly; biting house fly,[11278](https://www.ncbi.nlm.nih.gov/genome/?term=11278 "NCBI Genome DB Record"),[VectorBase](https://www.vectorbase.org/ "VectorBase"); [InsectBase](http://www.insect-genome.com/ "InsectBase")
Diptera,Phoridae,Megaselia scalaris,[36166](https://www.ncbi.nlm.nih.gov/Taxonomy/Browser/wwwtax.cgi?id=36166 "NCBI Taxonomy DB Record"),NA,[15767](https://www.ncbi.nlm.nih.gov/genome/?term=15767 "NCBI Genome DB Record"),[InsectBase](http://www.insect-genome.com/ "InsectBase")
Diptera,Glossinidae,Glossina brevipalpis,[37001](https://www.ncbi.nlm.nih.gov/Taxonomy/Browser/wwwtax.cgi?id=37001 "NCBI Taxonomy DB Record"),tsetse fly,[15576](https://www.ncbi.nlm.nih.gov/genome/?term=15576 "NCBI Genome DB Record"),[VectorBase](https://www.vectorbase.org/ "VectorBase"); [InsectBase](http://www.insect-genome.com/ "InsectBase")
Hymenoptera,Tenthredinidae,Athalia rosae,[37344](https://www.ncbi.nlm.nih.gov/Taxonomy/Browser/wwwtax.cgi?id=37344 "NCBI Taxonomy DB Record"),coleseed sawfly,[14027](https://www.ncbi.nlm.nih.gov/genome/?term=14027 "NCBI Genome DB Record"),[i5k Workspace](https://i5k.nal.usda.gov/ "i5k Workspace"); [InsectBase](http://www.insect-genome.com/ "InsectBase")
Diptera,Drosophilidae,Drosophila ficusphila,[30025](https://www.ncbi.nlm.nih.gov/Taxonomy/Browser/wwwtax.cgi?id=30025 "NCBI Taxonomy DB Record"),NA,[3491](https://www.ncbi.nlm.nih.gov/genome/?term=3491 "NCBI Genome DB Record"),[i5k Workspace](https://i5k.nal.usda.gov/ "i5k Workspace"); [InsectBase](http://www.insect-genome.com/ "InsectBase")
Diptera,Drosophilidae,Drosophila suzukii,[28584](https://www.ncbi.nlm.nih.gov/Taxonomy/Browser/wwwtax.cgi?id=28584 "NCBI Taxonomy DB Record"),NA,[18317](https://www.ncbi.nlm.nih.gov/genome/?term=18317 "NCBI Genome DB Record"),[InsectBase](http://www.insect-genome.com/ "InsectBase")
Diptera,Tephritidae,Bactrocera cucurbitae,[28588](https://www.ncbi.nlm.nih.gov/Taxonomy/Browser/wwwtax.cgi?id=28588 "NCBI Taxonomy DB Record"),melon fly; melon fruit fly,[11807](https://www.ncbi.nlm.nih.gov/genome/?term=11807 "NCBI Genome DB Record"),[i5k Workspace](https://i5k.nal.usda.gov/ "i5k Workspace"); [InsectBase](http://www.insect-genome.com/ "InsectBase")
Diptera,Tephritidae,Rhagoletis zephyria,[28612](https://www.ncbi.nlm.nih.gov/Taxonomy/Browser/wwwtax.cgi?id=28612 "NCBI Taxonomy DB Record"),snowberry fruit fly; snowberry maggot,[45568](https://www.ncbi.nlm.nih.gov/genome/?term=45568 "NCBI Genome DB Record")
Diptera,Drosophilidae,Drosophila eugracilis,[29029](https://www.ncbi.nlm.nih.gov/Taxonomy/Browser/wwwtax.cgi?id=29029 "NCBI Taxonomy DB Record"),NA,[6863](https://www.ncbi.nlm.nih.gov/genome/?term=6863 "NCBI Genome DB Record"),[i5k Workspace](https://i5k.nal.usda.gov/ "i5k Workspace"); [InsectBase](http://www.insect-genome.com/ "InsectBase")
Diptera,Drosophilidae,Drosophila takahashii,[29030](https://www.ncbi.nlm.nih.gov/Taxonomy/Browser/wwwtax.cgi?id=29030 "NCBI Taxonomy DB Record"),NA,[3493](https://www.ncbi.nlm.nih.gov/genome/?term=3493 "NCBI Genome DB Record"),[i5k Workspace](https://i5k.nal.usda.gov/ "i5k Workspace"); [InsectBase](http://www.insect-genome.com/ "InsectBase")
Diptera,Psychodidae,Phlebotomus papatasi,[29031](https://www.ncbi.nlm.nih.gov/Taxonomy/Browser/wwwtax.cgi?id=29031 "NCBI Taxonomy DB Record"),NA,[10999](https://www.ncbi.nlm.nih.gov/genome/?term=10999 "NCBI Genome DB Record"),[VectorBase](https://www.vectorbase.org/ "VectorBase"); [InsectBase](http://www.insect-genome.com/ "InsectBase")
Hymenoptera,Encyrtidae,Copidosoma floridanum,[29053](https://www.ncbi.nlm.nih.gov/Taxonomy/Browser/wwwtax.cgi?id=29053 "NCBI Taxonomy DB Record"),NA,[12734](https://www.ncbi.nlm.nih.gov/genome/?term=12734 "NCBI Genome DB Record"),[i5k Workspace](https://i5k.nal.usda.gov/ "i5k Workspace"); [InsectBase](http://www.insect-genome.com/ "InsectBase")
Diptera,Drosophilidae,Drosophila busckii,[30019](https://www.ncbi.nlm.nih.gov/Taxonomy/Browser/wwwtax.cgi?id=30019 "NCBI Taxonomy DB Record"),NA,[38276](https://www.ncbi.nlm.nih.gov/genome/?term=38276 "NCBI Genome DB Record")
Diptera,Drosophilidae,Drosophila elegans,[30023](https://www.ncbi.nlm.nih.gov/Taxonomy/Browser/wwwtax.cgi?id=30023 "NCBI Taxonomy DB Record"),NA,[3490](https://www.ncbi.nlm.nih.gov/genome/?term=3490 "NCBI Genome DB Record"),[i5k Workspace](https://i5k.nal.usda.gov/ "i5k Workspace"); [InsectBase](http://www.insect-genome.com/ "InsectBase")
Hemiptera,Psyllidae,Pachypsylla venusta,[38123](https://www.ncbi.nlm.nih.gov/Taxonomy/Browser/wwwtax.cgi?id=38123 "NCBI Taxonomy DB Record"),hackberry petiole gall psyllid,[14032](https://www.ncbi.nlm.nih.gov/genome/?term=14032 "NCBI Genome DB Record"),[i5k Workspace](https://i5k.nal.usda.gov/ "i5k Workspace"); [InsectBase](http://www.insect-genome.com/ "InsectBase")
Diptera,Drosophilidae,Drosophila kikkawai,[30033](https://www.ncbi.nlm.nih.gov/Taxonomy/Browser/wwwtax.cgi?id=30033 "NCBI Taxonomy DB Record"),NA,[3492](https://www.ncbi.nlm.nih.gov/genome/?term=3492 "NCBI Genome DB Record"),[i5k Workspace](https://i5k.nal.usda.gov/ "i5k Workspace"); [InsectBase](http://www.insect-genome.com/ "InsectBase")
Diptera,Culicidae,Anopheles koliensis,[30065](https://www.ncbi.nlm.nih.gov/Taxonomy/Browser/wwwtax.cgi?id=30065 "NCBI Taxonomy DB Record"),NA,[36653](https://www.ncbi.nlm.nih.gov/genome/?term=36653 "NCBI Genome DB Record"),[InsectBase](http://www.insect-genome.com/ "InsectBase")
Diptera,Culicidae,Anopheles merus,[30066](https://www.ncbi.nlm.nih.gov/Taxonomy/Browser/wwwtax.cgi?id=30066 "NCBI Taxonomy DB Record"),NA,[11548](https://www.ncbi.nlm.nih.gov/genome/?term=11548 "NCBI Genome DB Record"),[VectorBase](https://www.vectorbase.org/ "VectorBase"); [InsectBase](http://www.insect-genome.com/ "InsectBase")
Diptera,Culicidae,Anopheles punctulatus,[30068](https://www.ncbi.nlm.nih.gov/Taxonomy/Browser/wwwtax.cgi?id=30068 "NCBI Taxonomy DB Record"),NA,[36652](https://www.ncbi.nlm.nih.gov/genome/?term=36652 "NCBI Genome DB Record"),[InsectBase](http://www.insect-genome.com/ "InsectBase")
Diptera,Culicidae,Anopheles stephensi,[30069](https://www.ncbi.nlm.nih.gov/Taxonomy/Browser/wwwtax.cgi?id=30069 "NCBI Taxonomy DB Record"),Asian malaria mosquito,[2653](https://www.ncbi.nlm.nih.gov/genome/?term=2653 "NCBI Genome DB Record"),[VectorBase](https://www.vectorbase.org/ "VectorBase"); [VectorBase](https://www.vectorbase.org/ "VectorBase"); [InsectBase](http://www.insect-genome.com/ "InsectBase")
Hymenoptera,Apidae,Bombus terrestris,[30195](https://www.ncbi.nlm.nih.gov/Taxonomy/Browser/wwwtax.cgi?id=30195 "NCBI Taxonomy DB Record"),large earth bumblebee,[2739](https://www.ncbi.nlm.nih.gov/genome/?term=2739 "NCBI Genome DB Record"),[Hymenoptera Genome Database](http://hymenopteragenome.org/ "Hymenoptera Genome Database"); [InsectBase](http://www.insect-genome.com/ "InsectBase")
NA,Tetranychidae,Tetranychus urticae,[32264](https://www.ncbi.nlm.nih.gov/Taxonomy/Browser/wwwtax.cgi?id=32264 "NCBI Taxonomy DB Record"),red spider mite; twospotted mite,[2710](https://www.ncbi.nlm.nih.gov/genome/?term=2710 "NCBI Genome DB Record")
Lepidoptera,Nymphalidae,Heliconius ethilla,[33418](https://www.ncbi.nlm.nih.gov/Taxonomy/Browser/wwwtax.cgi?id=33418 "NCBI Taxonomy DB Record"),NA,[42293](https://www.ncbi.nlm.nih.gov/genome/?term=42293 "NCBI Genome DB Record")
Oribatida,Hypochthoniidae,Hypochthonius rufulus,[66581](https://www.ncbi.nlm.nih.gov/Taxonomy/Browser/wwwtax.cgi?id=66581 "NCBI Taxonomy DB Record"),NA,[37200](https://www.ncbi.nlm.nih.gov/genome/?term=37200 "NCBI Genome DB Record")
Diptera,Tephritidae,Bactrocera tryoni,[59916](https://www.ncbi.nlm.nih.gov/Taxonomy/Browser/wwwtax.cgi?id=59916 "NCBI Taxonomy DB Record"),Queensland fruit fly,[15403](https://www.ncbi.nlm.nih.gov/genome/?term=15403 "NCBI Genome DB Record"),[InsectBase](http://www.insect-genome.com/ "InsectBase")
Phasmatodea,Timematidae,Timema cristinae,[61476](https://www.ncbi.nlm.nih.gov/Taxonomy/Browser/wwwtax.cgi?id=61476 "NCBI Taxonomy DB Record"),NA,[53264](https://www.ncbi.nlm.nih.gov/genome/?term=53264 "NCBI Genome DB Record"),[InsectBase](http://www.insect-genome.com/ "InsectBase")
Diptera,Culicidae,Anopheles funestus,[62324](https://www.ncbi.nlm.nih.gov/Taxonomy/Browser/wwwtax.cgi?id=62324 "NCBI Taxonomy DB Record"),African malaria mosquito,[2697](https://www.ncbi.nlm.nih.gov/genome/?term=2697 "NCBI Genome DB Record"),[VectorBase](https://www.vectorbase.org/ "VectorBase"); [InsectBase](http://www.insect-genome.com/ "InsectBase")
Hymenoptera,Figitidae,Leptopilina clavipes,[63434](https://www.ncbi.nlm.nih.gov/Taxonomy/Browser/wwwtax.cgi?id=63434 "NCBI Taxonomy DB Record"),NA,[12952](https://www.ncbi.nlm.nih.gov/genome/?term=12952 "NCBI Genome DB Record")
Lepidoptera,Pieridae,Pieris rapae,[64459](https://www.ncbi.nlm.nih.gov/Taxonomy/Browser/wwwtax.cgi?id=64459 "NCBI Taxonomy DB Record"),cabbage white; European cabbage white; small cabbage white; small white,[10517](https://www.ncbi.nlm.nih.gov/genome/?term=10517 "NCBI Genome DB Record")
Hymenoptera,Formicidae,Trachymyrmex zeteki,[64791](https://www.ncbi.nlm.nih.gov/Taxonomy/Browser/wwwtax.cgi?id=64791 "NCBI Taxonomy DB Record"),NA,[44394](https://www.ncbi.nlm.nih.gov/genome/?term=44394 "NCBI Genome DB Record")
Hymenoptera,Formicidae,Wasmannia auropunctata,[64793](https://www.ncbi.nlm.nih.gov/Taxonomy/Browser/wwwtax.cgi?id=64793 "NCBI Taxonomy DB Record"),little fire ant,[36651](https://www.ncbi.nlm.nih.gov/genome/?term=36651 "NCBI Genome DB Record"),[InsectBase](http://www.insect-genome.com/ "InsectBase")
Hymenoptera,Braconidae,Fopius arisanus,[64838](https://www.ncbi.nlm.nih.gov/Taxonomy/Browser/wwwtax.cgi?id=64838 "NCBI Taxonomy DB Record"),NA,[35518](https://www.ncbi.nlm.nih.gov/genome/?term=35518 "NCBI Genome DB Record"),[i5k Workspace](https://i5k.nal.usda.gov/ "i5k Workspace"); [InsectBase](http://www.insect-genome.com/ "InsectBase")
Lepidoptera,Papilionidae,Papilio xuthus,[66420](https://www.ncbi.nlm.nih.gov/Taxonomy/Browser/wwwtax.cgi?id=66420 "NCBI Taxonomy DB Record"),Asian swallowtail; Chinese swallowtail; Chinese yellow swallowtail,[13942](https://www.ncbi.nlm.nih.gov/genome/?term=13942 "NCBI Genome DB Record"),[Lepbase](http://lepbase.org/ "Lepbase"); [InsectBase](http://www.insect-genome.com/ "InsectBase")
Diptera,Culicidae,Anopheles farauti No. 4,[59191](https://www.ncbi.nlm.nih.gov/Taxonomy/Browser/wwwtax.cgi?id=59191 "NCBI Taxonomy DB Record"),NA,[17208](https://www.ncbi.nlm.nih.gov/genome/?term=17208 "NCBI Genome DB Record")
Hymenoptera,Formicidae,Lasius niger,[67767](https://www.ncbi.nlm.nih.gov/Taxonomy/Browser/wwwtax.cgi?id=67767 "NCBI Taxonomy DB Record"),NA,[14569](https://www.ncbi.nlm.nih.gov/genome/?term=14569 "NCBI Genome DB Record")
Diptera,Culicidae,Anopheles farauti,[69004](https://www.ncbi.nlm.nih.gov/Taxonomy/Browser/wwwtax.cgi?id=69004 "NCBI Taxonomy DB Record"),NA,[11553](https://www.ncbi.nlm.nih.gov/genome/?term=11553 "NCBI Genome DB Record"),[VectorBase](https://www.vectorbase.org/ "VectorBase"); [InsectBase](http://www.insect-genome.com/ "InsectBase")
Hymenoptera,Braconidae,Microplitis demolitor,[69319](https://www.ncbi.nlm.nih.gov/Taxonomy/Browser/wwwtax.cgi?id=69319 "NCBI Taxonomy DB Record"),NA,[12766](https://www.ncbi.nlm.nih.gov/genome/?term=12766 "NCBI Genome DB Record"),[i5k Workspace](https://i5k.nal.usda.gov/ "i5k Workspace"); [InsectBase](http://www.insect-genome.com/ "InsectBase")
Siphonostomatoida,Caligidae,Lepeophtheirus salmonis,[72036](https://www.ncbi.nlm.nih.gov/Taxonomy/Browser/wwwtax.cgi?id=72036 "NCBI Taxonomy DB Record"),salmon louse,[2713](https://www.ncbi.nlm.nih.gov/genome/?term=2713 "NCBI Genome DB Record")
Diptera,Culicidae,Anopheles maculatus,[74869](https://www.ncbi.nlm.nih.gov/Taxonomy/Browser/wwwtax.cgi?id=74869 "NCBI Taxonomy DB Record"),NA,[11550](https://www.ncbi.nlm.nih.gov/genome/?term=11550 "NCBI Genome DB Record"),[InsectBase](http://www.insect-genome.com/ "InsectBase")
Diptera,Culicidae,Anopheles sinensis,[74873](https://www.ncbi.nlm.nih.gov/Taxonomy/Browser/wwwtax.cgi?id=74873 "NCBI Taxonomy DB Record"),NA,[12170](https://www.ncbi.nlm.nih.gov/genome/?term=12170 "NCBI Genome DB Record"),[VectorBase](https://www.vectorbase.org/ "VectorBase"); [VectorBase](https://www.vectorbase.org/ "VectorBase"); [InsectBase](http://www.insect-genome.com/ "InsectBase")
Lepidoptera,Papilionidae,Papilio machaon,[76193](https://www.ncbi.nlm.nih.gov/Taxonomy/Browser/wwwtax.cgi?id=76193 "NCBI Taxonomy DB Record"),common yellow swallowtail; Old World swallowtail; artemisia swallowtail,[14159](https://www.ncbi.nlm.nih.gov/genome/?term=14159 "NCBI Genome DB Record"),[Lepbase](http://lepbase.org/ "Lepbase")
Diptera,Cecidomyiidae,Mayetiola destructor,[39758](https://www.ncbi.nlm.nih.gov/Taxonomy/Browser/wwwtax.cgi?id=39758 "NCBI Taxonomy DB Record"),Hessian fly,[2619](https://www.ncbi.nlm.nih.gov/genome/?term=2619 "NCBI Genome DB Record"),[i5k Workspace](https://i5k.nal.usda.gov/ "i5k Workspace"); [InsectBase](http://www.insect-genome.com/ "InsectBase")
Lepidoptera,Pieridae,Phoebis sennae,[40077](https://www.ncbi.nlm.nih.gov/Taxonomy/Browser/wwwtax.cgi?id=40077 "NCBI Taxonomy DB Record"),cloudless sulphur butterfly,[44038](https://www.ncbi.nlm.nih.gov/genome/?term=44038 "NCBI Genome DB Record"),[Lepbase](http://lepbase.org/ "Lepbase")
Diptera,Drosophilidae,Drosophila americana,[40366](https://www.ncbi.nlm.nih.gov/Taxonomy/Browser/wwwtax.cgi?id=40366 "NCBI Taxonomy DB Record"),NA,[10917](https://www.ncbi.nlm.nih.gov/genome/?term=10917 "NCBI Genome DB Record")
Diptera,Culicidae,Anopheles atroparvus,[41427](https://www.ncbi.nlm.nih.gov/Taxonomy/Browser/wwwtax.cgi?id=41427 "NCBI Taxonomy DB Record"),NA,[11555](https://www.ncbi.nlm.nih.gov/genome/?term=11555 "NCBI Genome DB Record"),[VectorBase](https://www.vectorbase.org/ "VectorBase"); [InsectBase](http://www.insect-genome.com/ "InsectBase")
Diptera,Drosophilidae,Drosophila bipectinata,[42026](https://www.ncbi.nlm.nih.gov/Taxonomy/Browser/wwwtax.cgi?id=42026 "NCBI Taxonomy DB Record"),NA,[3489](https://www.ncbi.nlm.nih.gov/genome/?term=3489 "NCBI Genome DB Record"),[i5k Workspace](https://i5k.nal.usda.gov/ "i5k Workspace"); [InsectBase](http://www.insect-genome.com/ "InsectBase")
Diptera,Culicidae,Anopheles christyi,[43041](https://www.ncbi.nlm.nih.gov/Taxonomy/Browser/wwwtax.cgi?id=43041 "NCBI Taxonomy DB Record"),NA,[11547](https://www.ncbi.nlm.nih.gov/genome/?term=11547 "NCBI Genome DB Record"),[VectorBase](https://www.vectorbase.org/ "VectorBase"); [InsectBase](http://www.insect-genome.com/ "InsectBase")
Diptera,Culicidae,Anopheles darlingi,[43151](https://www.ncbi.nlm.nih.gov/Taxonomy/Browser/wwwtax.cgi?id=43151 "NCBI Taxonomy DB Record"),American malaria mosquito,[2624](https://www.ncbi.nlm.nih.gov/genome/?term=2624 "NCBI Genome DB Record"),[VectorBase](https://www.vectorbase.org/ "VectorBase"); [InsectBase](http://www.insect-genome.com/ "InsectBase")
Lepidoptera,Papilionidae,Papilio glaucus,[45779](https://www.ncbi.nlm.nih.gov/Taxonomy/Browser/wwwtax.cgi?id=45779 "NCBI Taxonomy DB Record"),eastern tiger swallowtail; tiger swallowtail,[36240](https://www.ncbi.nlm.nih.gov/genome/?term=36240 "NCBI Genome DB Record"),[Lepbase](http://lepbase.org/ "Lepbase"); [InsectBase](http://www.insect-genome.com/ "InsectBase")
Diptera,Tephritidae,Bactrocera dorsalis,[27457](https://www.ncbi.nlm.nih.gov/Taxonomy/Browser/wwwtax.cgi?id=27457 "NCBI Taxonomy DB Record"),oriental fruit fly,[10754](https://www.ncbi.nlm.nih.gov/genome/?term=10754 "NCBI Genome DB Record"),[i5k Workspace](https://i5k.nal.usda.gov/ "i5k Workspace"); [InsectBase](http://www.insect-genome.com/ "InsectBase")
NA,Entomobryidae,Orchesella cincta,[48709](https://www.ncbi.nlm.nih.gov/Taxonomy/Browser/wwwtax.cgi?id=48709 "NCBI Taxonomy DB Record"),NA,[13208](https://www.ncbi.nlm.nih.gov/genome/?term=13208 "NCBI Genome DB Record")
Coleoptera,Cupedidae,Priacma serrata,[50550](https://www.ncbi.nlm.nih.gov/Taxonomy/Browser/wwwtax.cgi?id=50550 "NCBI Taxonomy DB Record"),NA,[11831](https://www.ncbi.nlm.nih.gov/genome/?term=11831 "NCBI Genome DB Record")
Lepidoptera,Plutellidae,Plutella xylostella,[51655](https://www.ncbi.nlm.nih.gov/Taxonomy/Browser/wwwtax.cgi?id=51655 "NCBI Taxonomy DB Record"),diamondback moth; cabbage moth,[11570](https://www.ncbi.nlm.nih.gov/genome/?term=11570 "NCBI Genome DB Record"),[Lepbase](http://lepbase.org/ "Lepbase"); [DBM-DB](http://www.iae.fafu.edu.cn/DBM/index.php "DBM-DB"); [Diamondback moth genome database](http://dbm.dna.affrc.go.jp/px/ "Diamondback moth genome database"); [InsectBase](http://www.insect-genome.com/ "InsectBase")
Oribatida,Steganacaridae,Steganacarus magnus,[52000](https://www.ncbi.nlm.nih.gov/Taxonomy/Browser/wwwtax.cgi?id=52000 "NCBI Taxonomy DB Record"),NA,[8750](https://www.ncbi.nlm.nih.gov/genome/?term=8750 "NCBI Genome DB Record")
Astigmata,Sarcoptidae,Sarcoptes scabiei,[52283](https://www.ncbi.nlm.nih.gov/Taxonomy/Browser/wwwtax.cgi?id=52283 "NCBI Taxonomy DB Record"),NA,[36095](https://www.ncbi.nlm.nih.gov/genome/?term=36095 "NCBI Genome DB Record")
Odonata,Calopterygidae,Calopteryx splendens,[52612](https://www.ncbi.nlm.nih.gov/Taxonomy/Browser/wwwtax.cgi?id=52612 "NCBI Taxonomy DB Record"),NA,[54086](https://www.ncbi.nlm.nih.gov/genome/?term=54086 "NCBI Genome DB Record")
Hemiptera,Gerridae,Gerris buenoi,[56086](https://www.ncbi.nlm.nih.gov/Taxonomy/Browser/wwwtax.cgi?id=56086 "NCBI Taxonomy DB Record"),NA,[17730](https://www.ncbi.nlm.nih.gov/genome/?term=17730 "NCBI Genome DB Record"),[i5k Workspace](https://i5k.nal.usda.gov/ "i5k Workspace"); [InsectBase](http://www.insect-genome.com/ "InsectBase")
Coleoptera,Curculionidae,Hypothenemus hampei,[57062](https://www.ncbi.nlm.nih.gov/Taxonomy/Browser/wwwtax.cgi?id=57062 "NCBI Taxonomy DB Record"),coffee berry borer,[38265](https://www.ncbi.nlm.nih.gov/genome/?term=38265 "NCBI Genome DB Record"),[InsectBase](http://www.insect-genome.com/ "InsectBase")
Diptera,Drosophilidae,Drosophila ananassae,[7217](https://www.ncbi.nlm.nih.gov/Taxonomy/Browser/wwwtax.cgi?id=7217 "NCBI Taxonomy DB Record"),NA,[244](https://www.ncbi.nlm.nih.gov/genome/?term=244 "NCBI Genome DB Record"),[InsectBase](http://www.insect-genome.com/ "InsectBase")
Diptera,Culicidae,Aedes aegypti,[7159](https://www.ncbi.nlm.nih.gov/Taxonomy/Browser/wwwtax.cgi?id=7159 "NCBI Taxonomy DB Record"),yellow fever mosquito,[44](https://www.ncbi.nlm.nih.gov/genome/?term=44 "NCBI Genome DB Record"),[VectorBase](https://www.vectorbase.org/ "VectorBase"); [InsectBase](http://www.insect-genome.com/ "InsectBase")
Diptera,Culicidae,Aedes albopictus,[7160](https://www.ncbi.nlm.nih.gov/Taxonomy/Browser/wwwtax.cgi?id=7160 "NCBI Taxonomy DB Record"),Asian tiger mosquito; forest day mosquito,[45](https://www.ncbi.nlm.nih.gov/genome/?term=45 "NCBI Genome DB Record"),[VectorBase](https://www.vectorbase.org/ "VectorBase")
Diptera,Culicidae,Anopheles gambiae,[7165](https://www.ncbi.nlm.nih.gov/Taxonomy/Browser/wwwtax.cgi?id=7165 "NCBI Taxonomy DB Record"),African malaria mosquito,[46](https://www.ncbi.nlm.nih.gov/genome/?term=46 "NCBI Genome DB Record"),[VectorBase](https://www.vectorbase.org/ "VectorBase"); [InsectBase](http://www.insect-genome.com/ "InsectBase")
Diptera,Culicidae,Anopheles albimanus,[7167](https://www.ncbi.nlm.nih.gov/Taxonomy/Browser/wwwtax.cgi?id=7167 "NCBI Taxonomy DB Record"),NA,[11556](https://www.ncbi.nlm.nih.gov/genome/?term=11556 "NCBI Genome DB Record"),[VectorBase](https://www.vectorbase.org/ "VectorBase"); [InsectBase](http://www.insect-genome.com/ "InsectBase")
Diptera,Culicidae,Anopheles dirus,[7168](https://www.ncbi.nlm.nih.gov/Taxonomy/Browser/wwwtax.cgi?id=7168 "NCBI Taxonomy DB Record"),NA,[11554](https://www.ncbi.nlm.nih.gov/genome/?term=11554 "NCBI Genome DB Record"),[VectorBase](https://www.vectorbase.org/ "VectorBase"); [InsectBase](http://www.insect-genome.com/ "InsectBase")
Diptera,Culicidae,Anopheles arabiensis,[7173](https://www.ncbi.nlm.nih.gov/Taxonomy/Browser/wwwtax.cgi?id=7173 "NCBI Taxonomy DB Record"),NA,[11544](https://www.ncbi.nlm.nih.gov/genome/?term=11544 "NCBI Genome DB Record"),[VectorBase](https://www.vectorbase.org/ "VectorBase"); [InsectBase](http://www.insect-genome.com/ "InsectBase")
Diptera,Culicidae,Culex quinquefasciatus,[7176](https://www.ncbi.nlm.nih.gov/Taxonomy/Browser/wwwtax.cgi?id=7176 "NCBI Taxonomy DB Record"),southern house mosquito,[393](https://www.ncbi.nlm.nih.gov/genome/?term=393 "NCBI Genome DB Record"),[VectorBase](https://www.vectorbase.org/ "VectorBase"); [InsectBase](http://www.insect-genome.com/ "InsectBase")
Diptera,Psychodidae,Lutzomyia longipalpis,[7200](https://www.ncbi.nlm.nih.gov/Taxonomy/Browser/wwwtax.cgi?id=7200 "NCBI Taxonomy DB Record"),NA,[758](https://www.ncbi.nlm.nih.gov/genome/?term=758 "NCBI Genome DB Record"),[VectorBase](https://www.vectorbase.org/ "VectorBase"); [InsectBase](http://www.insect-genome.com/ "InsectBase")
Diptera,Tephritidae,Ceratitis capitata,[7213](https://www.ncbi.nlm.nih.gov/Taxonomy/Browser/wwwtax.cgi?id=7213 "NCBI Taxonomy DB Record"),Mediterranean fruit fly,[2738](https://www.ncbi.nlm.nih.gov/genome/?term=2738 "NCBI Genome DB Record"),[i5k Workspace](https://i5k.nal.usda.gov/ "i5k Workspace"); [InsectBase](http://www.insect-genome.com/ "InsectBase")
Diptera,Chironomidae,Chironomus tentans,[7153](https://www.ncbi.nlm.nih.gov/Taxonomy/Browser/wwwtax.cgi?id=7153 "NCBI Taxonomy DB Record"),NA,[35154](https://www.ncbi.nlm.nih.gov/genome/?term=35154 "NCBI Genome DB Record"),[InsectBase](http://www.insect-genome.com/ "InsectBase")
Diptera,Drosophilidae,Drosophila erecta,[7220](https://www.ncbi.nlm.nih.gov/Taxonomy/Browser/wwwtax.cgi?id=7220 "NCBI Taxonomy DB Record"),NA,[250](https://www.ncbi.nlm.nih.gov/genome/?term=250 "NCBI Genome DB Record"),[InsectBase](http://www.insect-genome.com/ "InsectBase")
Diptera,Drosophilidae,Drosophila grimshawi,[7222](https://www.ncbi.nlm.nih.gov/Taxonomy/Browser/wwwtax.cgi?id=7222 "NCBI Taxonomy DB Record"),NA,[257](https://www.ncbi.nlm.nih.gov/genome/?term=257 "NCBI Genome DB Record"),[InsectBase](http://www.insect-genome.com/ "InsectBase")
Diptera,Drosophilidae,Scaptodrosophila lebanonensis,[7225](https://www.ncbi.nlm.nih.gov/Taxonomy/Browser/wwwtax.cgi?id=7225 "NCBI Taxonomy DB Record"),NA,[38279](https://www.ncbi.nlm.nih.gov/genome/?term=38279 "NCBI Genome DB Record")
Diptera,Drosophilidae,Drosophila melanogaster,[7227](https://www.ncbi.nlm.nih.gov/Taxonomy/Browser/wwwtax.cgi?id=7227 "NCBI Taxonomy DB Record"),fruit fly,[47](https://www.ncbi.nlm.nih.gov/genome/?term=47 "NCBI Genome DB Record"),[InsectBase](http://www.insect-genome.com/ "InsectBase")
Diptera,Drosophilidae,Drosophila miranda,[7229](https://www.ncbi.nlm.nih.gov/Taxonomy/Browser/wwwtax.cgi?id=7229 "NCBI Taxonomy DB Record"),NA,[10915](https://www.ncbi.nlm.nih.gov/genome/?term=10915 "NCBI Genome DB Record")
Diptera,Drosophilidae,Drosophila mojavensis,[7230](https://www.ncbi.nlm.nih.gov/Taxonomy/Browser/wwwtax.cgi?id=7230 "NCBI Taxonomy DB Record"),NA,[259](https://www.ncbi.nlm.nih.gov/genome/?term=259 "NCBI Genome DB Record"),[InsectBase](http://www.insect-genome.com/ "InsectBase")
Diptera,Drosophilidae,Drosophila navojoa,[7232](https://www.ncbi.nlm.nih.gov/Taxonomy/Browser/wwwtax.cgi?id=7232 "NCBI Taxonomy DB Record"),NA,[45091](https://www.ncbi.nlm.nih.gov/genome/?term=45091 "NCBI Genome DB Record")
Diptera,Drosophilidae,Drosophila persimilis,[7234](https://www.ncbi.nlm.nih.gov/Taxonomy/Browser/wwwtax.cgi?id=7234 "NCBI Taxonomy DB Record"),NA,[265](https://www.ncbi.nlm.nih.gov/genome/?term=265 "NCBI Genome DB Record"),[InsectBase](http://www.insect-genome.com/ "InsectBase")
Astigmata,Pyroglyphidae,Dermatophagoides pteronyssinus,[6956](https://www.ncbi.nlm.nih.gov/Taxonomy/Browser/wwwtax.cgi?id=6956 "NCBI Taxonomy DB Record"),European house dust mite,[8901](https://www.ncbi.nlm.nih.gov/genome/?term=8901 "NCBI Genome DB Record")
Diplostraca,Daphniidae,Daphnia pulex,[6669](https://www.ncbi.nlm.nih.gov/Taxonomy/Browser/wwwtax.cgi?id=6669 "NCBI Taxonomy DB Record"),common water flea,[288](https://www.ncbi.nlm.nih.gov/genome/?term=288 "NCBI Genome DB Record")
Xiphosura,Limulidae,Limulus polyphemus,[6850](https://www.ncbi.nlm.nih.gov/Taxonomy/Browser/wwwtax.cgi?id=6850 "NCBI Taxonomy DB Record"),Atlantic horseshoe crab,[787](https://www.ncbi.nlm.nih.gov/genome/?term=787 "NCBI Genome DB Record")
Scorpiones,Buthidae,Centruroides exilicauda,[6879](https://www.ncbi.nlm.nih.gov/Taxonomy/Browser/wwwtax.cgi?id=6879 "NCBI Taxonomy DB Record"),bark scorpion,[32233](https://www.ncbi.nlm.nih.gov/genome/?term=32233 "NCBI Genome DB Record"),[i5k Workspace](https://i5k.nal.usda.gov/ "i5k Workspace")
Araneae,Nephilidae,Nephila clavipes,[6915](https://www.ncbi.nlm.nih.gov/Taxonomy/Browser/wwwtax.cgi?id=6915 "NCBI Taxonomy DB Record"),NA,[54232](https://www.ncbi.nlm.nih.gov/genome/?term=54232 "NCBI Genome DB Record")
Araneae,Sicariidae,Loxosceles reclusa,[6921](https://www.ncbi.nlm.nih.gov/Taxonomy/Browser/wwwtax.cgi?id=6921 "NCBI Taxonomy DB Record"),brown recluse,[14028](https://www.ncbi.nlm.nih.gov/genome/?term=14028 "NCBI Genome DB Record"),[i5k Workspace](https://i5k.nal.usda.gov/ "i5k Workspace")
Ixodida,Ixodidae,Rhipicephalus microplus,[6941](https://www.ncbi.nlm.nih.gov/Taxonomy/Browser/wwwtax.cgi?id=6941 "NCBI Taxonomy DB Record"),southern cattle tick; cattle tick,[2797](https://www.ncbi.nlm.nih.gov/genome/?term=2797 "NCBI Genome DB Record"),[CattleTickBase](http://cattletickbase.ccgapps.com.au/ "CattleTickBase")
Ixodida,Ixodidae,Ixodes scapularis,[6945](https://www.ncbi.nlm.nih.gov/Taxonomy/Browser/wwwtax.cgi?id=6945 "NCBI Taxonomy DB Record"),blacklegged tick; deer tick; shoulder tick,[523](https://www.ncbi.nlm.nih.gov/genome/?term=523 "NCBI Genome DB Record"),[VectorBase](https://www.vectorbase.org/ "VectorBase")
Astigmata,Pyroglyphidae,Dermatophagoides farinae,[6954](https://www.ncbi.nlm.nih.gov/Taxonomy/Browser/wwwtax.cgi?id=6954 "NCBI Taxonomy DB Record"),American house dust mite,[9138](https://www.ncbi.nlm.nih.gov/genome/?term=9138 "NCBI Genome DB Record")
Diptera,Drosophilidae,Drosophila pseudoobscura,[7237](https://www.ncbi.nlm.nih.gov/Taxonomy/Browser/wwwtax.cgi?id=7237 "NCBI Taxonomy DB Record"),NA,[219](https://www.ncbi.nlm.nih.gov/genome/?term=219 "NCBI Genome DB Record"),[InsectBase](http://www.insect-genome.com/ "InsectBase")
Blattodea,Ectobiidae,Blattella germanica,[6973](https://www.ncbi.nlm.nih.gov/Taxonomy/Browser/wwwtax.cgi?id=6973 "NCBI Taxonomy DB Record"),German cockroach,[13223](https://www.ncbi.nlm.nih.gov/genome/?term=13223 "NCBI Genome DB Record"),[i5k Workspace](https://i5k.nal.usda.gov/ "i5k Workspace"); [InsectBase](http://www.insect-genome.com/ "InsectBase")
Orthoptera,Acrididae,Locusta migratoria,[7004](https://www.ncbi.nlm.nih.gov/Taxonomy/Browser/wwwtax.cgi?id=7004 "NCBI Taxonomy DB Record"),migratory locust,[10772](https://www.ncbi.nlm.nih.gov/genome/?term=10772 "NCBI Genome DB Record"),[InsectBase](http://www.insect-genome.com/ "InsectBase")
Hemiptera,Aphididae,Acyrthosiphon pisum,[7029](https://www.ncbi.nlm.nih.gov/Taxonomy/Browser/wwwtax.cgi?id=7029 "NCBI Taxonomy DB Record"),pea aphid,[448](https://www.ncbi.nlm.nih.gov/genome/?term=448 "NCBI Genome DB Record"),[AphidBase](http://bipaa.genouest.org/is/aphidbase/ "AphidBase"); [InsectBase](http://www.insect-genome.com/ "InsectBase")
Hemiptera,Aleyrodidae,Bemisia tabaci,[7038](https://www.ncbi.nlm.nih.gov/Taxonomy/Browser/wwwtax.cgi?id=7038 "NCBI Taxonomy DB Record"),sweet potato whitefly,[676](https://www.ncbi.nlm.nih.gov/genome/?term=676 "NCBI Genome DB Record")
Coleoptera,Tenebrionidae,Tribolium castaneum,[7070](https://www.ncbi.nlm.nih.gov/Taxonomy/Browser/wwwtax.cgi?id=7070 "NCBI Taxonomy DB Record"),red flour beetle,[216](https://www.ncbi.nlm.nih.gov/genome/?term=216 "NCBI Genome DB Record"),[InsectBase](http://www.insect-genome.com/ "InsectBase")
Lepidoptera,Bombycidae,Bombyx mori,[7091](https://www.ncbi.nlm.nih.gov/Taxonomy/Browser/wwwtax.cgi?id=7091 "NCBI Taxonomy DB Record"),domestic silkworm; silk moth; silkworm,[76](https://www.ncbi.nlm.nih.gov/genome/?term=76 "NCBI Genome DB Record"),[Lepbase](http://lepbase.org/ "Lepbase"); [SilkDB](http://silkworm.genomics.org.cn/ "SilkDB"); [KAIKObase](http://sgp.dna.affrc.go.jp/KAIKObase/ "Silkworm Genome Research Program's KAIKObase"); [InsectBase](http://www.insect-genome.com/ "InsectBase")
Lepidoptera,Noctuidae,Spodoptera frugiperda,[7108](https://www.ncbi.nlm.nih.gov/Taxonomy/Browser/wwwtax.cgi?id=7108 "NCBI Taxonomy DB Record"),fall armyworm,[10985](https://www.ncbi.nlm.nih.gov/genome/?term=10985 "NCBI Genome DB Record"),[LepidoDB](http://bipaa.genouest.org/is/lepidodb/ "LepidoDB"); [Spodobase](http://bioweb.ensam.inra.fr/spodobase/ "Spodobase"); [InsectBase](http://www.insect-genome.com/ "InsectBase")
Lepidoptera,Sphingidae,Manduca sexta,[7130](https://www.ncbi.nlm.nih.gov/Taxonomy/Browser/wwwtax.cgi?id=7130 "NCBI Taxonomy DB Record"),tobacco hornworm; Carolina sphinx; hornblower; tobacco hawkmoth; tomato hornworm,[12037](https://www.ncbi.nlm.nih.gov/genome/?term=12037 "NCBI Genome DB Record"),[i5k Workspace](https://i5k.nal.usda.gov/ "i5k Workspace"); [Lepbase](http://lepbase.org/ "Lepbase"); [InsectBase](http://www.insect-genome.com/ "InsectBase")
Coleoptera,Chrysomelidae,Leptinotarsa decemlineata,[7539](https://www.ncbi.nlm.nih.gov/Taxonomy/Browser/wwwtax.cgi?id=7539 "NCBI Taxonomy DB Record"),Colorado potato beetle,[12832](https://www.ncbi.nlm.nih.gov/genome/?term=12832 "NCBI Genome DB Record"),[i5k Workspace](https://i5k.nal.usda.gov/ "i5k Workspace"); [InsectBase](http://www.insect-genome.com/ "InsectBase")
Hymenoptera,Pteromalidae,Nasonia vitripennis,[7425](https://www.ncbi.nlm.nih.gov/Taxonomy/Browser/wwwtax.cgi?id=7425 "NCBI Taxonomy DB Record"),jewel wasp,[449](https://www.ncbi.nlm.nih.gov/genome/?term=449 "NCBI Genome DB Record"),[InsectBase](http://www.insect-genome.com/ "InsectBase")
Hymenoptera,Pteromalidae,Nasonia giraulti,[7426](https://www.ncbi.nlm.nih.gov/Taxonomy/Browser/wwwtax.cgi?id=7426 "NCBI Taxonomy DB Record"),NA,[759](https://www.ncbi.nlm.nih.gov/genome/?term=759 "NCBI Genome DB Record"),[InsectBase](http://www.insect-genome.com/ "InsectBase")
Hymenoptera,Pteromalidae,Nasonia longicornis,[7427](https://www.ncbi.nlm.nih.gov/Taxonomy/Browser/wwwtax.cgi?id=7427 "NCBI Taxonomy DB Record"),NA,[760](https://www.ncbi.nlm.nih.gov/genome/?term=760 "NCBI Genome DB Record"),[InsectBase](http://www.insect-genome.com/ "InsectBase")
Hymenoptera,Apidae,Apis mellifera,[7460](https://www.ncbi.nlm.nih.gov/Taxonomy/Browser/wwwtax.cgi?id=7460 "NCBI Taxonomy DB Record"),honey bee; European honey bee; Western honey bee; bee; honeybee,[48](https://www.ncbi.nlm.nih.gov/genome/?term=48 "NCBI Genome DB Record"),[Hymenoptera Genome Database](http://hymenopteragenome.org/ "Hymenoptera Genome Database"); [InsectBase](http://www.insect-genome.com/ "InsectBase")
Hymenoptera,Apidae,Apis cerana,[7461](https://www.ncbi.nlm.nih.gov/Taxonomy/Browser/wwwtax.cgi?id=7461 "NCBI Taxonomy DB Record"),Asiatic honeybee; Eastern honeybee; Indian honeybee; oriental honeybee,[12051](https://www.ncbi.nlm.nih.gov/genome/?term=12051 "NCBI Genome DB Record")
Hymenoptera,Apidae,Apis dorsata,[7462](https://www.ncbi.nlm.nih.gov/Taxonomy/Browser/wwwtax.cgi?id=7462 "NCBI Taxonomy DB Record"),giant honeybee; rock honeybee,[15019](https://www.ncbi.nlm.nih.gov/genome/?term=15019 "NCBI Genome DB Record"),[Hymenoptera Genome Database](http://hymenopteragenome.org/ "Hymenoptera Genome Database"); [InsectBase](http://www.insect-genome.com/ "InsectBase")
Hymenoptera,Apidae,Apis florea,[7463](https://www.ncbi.nlm.nih.gov/Taxonomy/Browser/wwwtax.cgi?id=7463 "NCBI Taxonomy DB Record"),little honeybee; dwarf honeybee,[2740](https://www.ncbi.nlm.nih.gov/genome/?term=2740 "NCBI Genome DB Record"),[Hymenoptera Genome Database](http://hymenopteragenome.org/ "Hymenoptera Genome Database"); [InsectBase](http://www.insect-genome.com/ "InsectBase")
Hymenoptera,Trichogrammatidae,Trichogramma pretiosum,[7493](https://www.ncbi.nlm.nih.gov/Taxonomy/Browser/wwwtax.cgi?id=7493 "NCBI Taxonomy DB Record"),NA,[14106](https://www.ncbi.nlm.nih.gov/genome/?term=14106 "NCBI Genome DB Record"),[i5k Workspace](https://i5k.nal.usda.gov/ "i5k Workspace"); [InsectBase](http://www.insect-genome.com/ "InsectBase")
Hemiptera,Lygaeidae,Oncopeltus fasciatus,[7536](https://www.ncbi.nlm.nih.gov/Taxonomy/Browser/wwwtax.cgi?id=7536 "NCBI Taxonomy DB Record"),milkweed bug,[11434](https://www.ncbi.nlm.nih.gov/genome/?term=11434 "NCBI Genome DB Record"),[i5k Workspace](https://i5k.nal.usda.gov/ "i5k Workspace"); [InsectBase](http://www.insect-genome.com/ "InsectBase")
Diptera,Glossinidae,Glossina pallidipes,[7398](https://www.ncbi.nlm.nih.gov/Taxonomy/Browser/wwwtax.cgi?id=7398 "NCBI Taxonomy DB Record"),tsetse fly,[15956](https://www.ncbi.nlm.nih.gov/genome/?term=15956 "NCBI Genome DB Record"),[VectorBase](https://www.vectorbase.org/ "VectorBase"); [InsectBase](http://www.insect-genome.com/ "InsectBase")
Hymenoptera,Formicidae,Atta cephalotes,[12957](https://www.ncbi.nlm.nih.gov/Taxonomy/Browser/wwwtax.cgi?id=12957 "NCBI Taxonomy DB Record"),NA,[2844](https://www.ncbi.nlm.nih.gov/genome/?term=2844 "NCBI Genome DB Record"),[Hymenoptera Genome Database](http://hymenopteragenome.org/ "Hymenoptera Genome Database"); [InsectBase](http://www.insect-genome.com/ "InsectBase")
Lepidoptera,Nymphalidae,Danaus plexippus,[13037](https://www.ncbi.nlm.nih.gov/Taxonomy/Browser/wwwtax.cgi?id=13037 "NCBI Taxonomy DB Record"),monarch butterfly; American monarch,[11702](https://www.ncbi.nlm.nih.gov/genome/?term=11702 "NCBI Genome DB Record"),[Lepbase](http://lepbase.org/ "Lepbase"); [MonarchBase](http://monarchbase.umassmed.edu/ "MonarchBase"); [InsectBase](http://www.insect-genome.com/ "InsectBase")
Hemiptera,Aphididae,Myzus persicae,[13164](https://www.ncbi.nlm.nih.gov/Taxonomy/Browser/wwwtax.cgi?id=13164 "NCBI Taxonomy DB Record"),green peach aphid,[2741](https://www.ncbi.nlm.nih.gov/genome/?term=2741 "NCBI Genome DB Record"),[AphidBase](http://bipaa.genouest.org/is/aphidbase/ "AphidBase")
Hemiptera,Pseudococcidae,Pseudococcus longispinus,[13233](https://www.ncbi.nlm.nih.gov/Taxonomy/Browser/wwwtax.cgi?id=13233 "NCBI Taxonomy DB Record"),NA,[44263](https://www.ncbi.nlm.nih.gov/genome/?term=44263 "NCBI Genome DB Record")
Hemiptera,Reduviidae,Rhodnius prolixus,[13249](https://www.ncbi.nlm.nih.gov/Taxonomy/Browser/wwwtax.cgi?id=13249 "NCBI Taxonomy DB Record"),NA,[447](https://www.ncbi.nlm.nih.gov/genome/?term=447 "NCBI Genome DB Record"),[VectorBase](https://www.vectorbase.org/ "VectorBase"); [InsectBase](http://www.insect-genome.com/ "InsectBase")
Isopoda,Armadillidiidae,Armadillidium vulgare,[13347](https://www.ncbi.nlm.nih.gov/Taxonomy/Browser/wwwtax.cgi?id=13347 "NCBI Taxonomy DB Record"),common pillbug,[50510](https://www.ncbi.nlm.nih.gov/genome/?term=50510 "NCBI Genome DB Record")
Diptera,Calliphoridae,Lucilia sericata,[13632](https://www.ncbi.nlm.nih.gov/Taxonomy/Browser/wwwtax.cgi?id=13632 "NCBI Taxonomy DB Record"),common green bottle fly; sheep blowfly,[8289](https://www.ncbi.nlm.nih.gov/genome/?term=8289 "NCBI Genome DB Record")
Hymenoptera,Formicidae,Solenopsis invicta,[13686](https://www.ncbi.nlm.nih.gov/Taxonomy/Browser/wwwtax.cgi?id=13686 "NCBI Taxonomy DB Record"),red fire ant; imported red fire ant; red imported fire ant,[2938](https://www.ncbi.nlm.nih.gov/genome/?term=2938 "NCBI Genome DB Record"),[Hymenoptera Genome Database](http://hymenopteragenome.org/ "Hymenoptera Genome Database"); [InsectBase](http://www.insect-genome.com/ "InsectBase")
Diptera,Muscidae,Musca domestica,[7370](https://www.ncbi.nlm.nih.gov/Taxonomy/Browser/wwwtax.cgi?id=7370 "NCBI Taxonomy DB Record"),house fly,[14461](https://www.ncbi.nlm.nih.gov/genome/?term=14461 "NCBI Genome DB Record"),[VectorBase](https://www.vectorbase.org/ "VectorBase"); [InsectBase](http://www.insect-genome.com/ "InsectBase")
Diptera,Drosophilidae,Drosophila sechellia,[7238](https://www.ncbi.nlm.nih.gov/Taxonomy/Browser/wwwtax.cgi?id=7238 "NCBI Taxonomy DB Record"),NA,[271](https://www.ncbi.nlm.nih.gov/genome/?term=271 "NCBI Genome DB Record"),[InsectBase](http://www.insect-genome.com/ "InsectBase")
Diptera,Drosophilidae,Drosophila simulans,[7240](https://www.ncbi.nlm.nih.gov/Taxonomy/Browser/wwwtax.cgi?id=7240 "NCBI Taxonomy DB Record"),NA,[200](https://www.ncbi.nlm.nih.gov/genome/?term=200 "NCBI Genome DB Record"),[InsectBase](http://www.insect-genome.com/ "InsectBase")
Diptera,Drosophilidae,Drosophila virilis,[7244](https://www.ncbi.nlm.nih.gov/Taxonomy/Browser/wwwtax.cgi?id=7244 "NCBI Taxonomy DB Record"),NA,[261](https://www.ncbi.nlm.nih.gov/genome/?term=261 "NCBI Genome DB Record"),[InsectBase](http://www.insect-genome.com/ "InsectBase")
Diptera,Drosophilidae,Drosophila yakuba,[7245](https://www.ncbi.nlm.nih.gov/Taxonomy/Browser/wwwtax.cgi?id=7245 "NCBI Taxonomy DB Record"),NA,[148](https://www.ncbi.nlm.nih.gov/genome/?term=148 "NCBI Genome DB Record"),[InsectBase](http://www.insect-genome.com/ "InsectBase")
Diptera,Drosophilidae,Drosophila willistoni,[7260](https://www.ncbi.nlm.nih.gov/Taxonomy/Browser/wwwtax.cgi?id=7260 "NCBI Taxonomy DB Record"),NA,[251](https://www.ncbi.nlm.nih.gov/genome/?term=251 "NCBI Genome DB Record"),[InsectBase](http://www.insect-genome.com/ "InsectBase")
Diptera,Drosophilidae,Drosophila arizonae,[7263](https://www.ncbi.nlm.nih.gov/Taxonomy/Browser/wwwtax.cgi?id=7263 "NCBI Taxonomy DB Record"),NA,[45090](https://www.ncbi.nlm.nih.gov/genome/?term=45090 "NCBI Genome DB Record")
Diptera,Drosophilidae,Drosophila serrata,[7274](https://www.ncbi.nlm.nih.gov/Taxonomy/Browser/wwwtax.cgi?id=7274 "NCBI Taxonomy DB Record"),NA,[17008](https://www.ncbi.nlm.nih.gov/genome/?term=17008 "NCBI Genome DB Record")
Diptera,Drosophilidae,Drosophila albomicans,[7291](https://www.ncbi.nlm.nih.gov/Taxonomy/Browser/wwwtax.cgi?id=7291 "NCBI Taxonomy DB Record"),NA,[2712](https://www.ncbi.nlm.nih.gov/genome/?term=2712 "NCBI Genome DB Record"),[InsectBase](http://www.insect-genome.com/ "InsectBase")
Lepidoptera,Papilionidae,Papilio polytes,[76194](https://www.ncbi.nlm.nih.gov/Taxonomy/Browser/wwwtax.cgi?id=76194 "NCBI Taxonomy DB Record"),common Mormon,[33756](https://www.ncbi.nlm.nih.gov/genome/?term=33756 "NCBI Genome DB Record"),[Lepbase](http://lepbase.org/ "Lepbase"); [InsectBase](http://www.insect-genome.com/ "InsectBase")
Diptera,Calliphoridae,Calliphora vicina,[7373](https://www.ncbi.nlm.nih.gov/Taxonomy/Browser/wwwtax.cgi?id=7373 "NCBI Taxonomy DB Record"),urban bluebottle blowfly,[15677](https://www.ncbi.nlm.nih.gov/genome/?term=15677 "NCBI Genome DB Record")
Diptera,Calliphoridae,Lucilia cuprina,[7375](https://www.ncbi.nlm.nih.gov/Taxonomy/Browser/wwwtax.cgi?id=7375 "NCBI Taxonomy DB Record"),Australian sheep blowfly; greenbottle fly,[12732](https://www.ncbi.nlm.nih.gov/genome/?term=12732 "NCBI Genome DB Record"),[InsectBase](http://www.insect-genome.com/ "InsectBase")
Diptera,Calliphoridae,Phormia regina,[7380](https://www.ncbi.nlm.nih.gov/Taxonomy/Browser/wwwtax.cgi?id=7380 "NCBI Taxonomy DB Record"),black blowfly,[36631](https://www.ncbi.nlm.nih.gov/genome/?term=36631 "NCBI Genome DB Record")
Diptera,Sarcophagidae,Neobellieria bullata,[7385](https://www.ncbi.nlm.nih.gov/Taxonomy/Browser/wwwtax.cgi?id=7385 "NCBI Taxonomy DB Record"),grey fleshfly,[13341](https://www.ncbi.nlm.nih.gov/genome/?term=13341 "NCBI Genome DB Record")
Diptera,Glossinidae,Glossina morsitans,[7394](https://www.ncbi.nlm.nih.gov/Taxonomy/Browser/wwwtax.cgi?id=7394 "NCBI Taxonomy DB Record"),tsetse fly,[55](https://www.ncbi.nlm.nih.gov/genome/?term=55 "NCBI Genome DB Record"),[VectorBase](https://www.vectorbase.org/ "VectorBase"); [InsectBase](http://www.insect-genome.com/ "InsectBase")
Diptera,Glossinidae,Glossina austeni,[7395](https://www.ncbi.nlm.nih.gov/Taxonomy/Browser/wwwtax.cgi?id=7395 "NCBI Taxonomy DB Record"),tsetse fly,[16689](https://www.ncbi.nlm.nih.gov/genome/?term=16689 "NCBI Genome DB Record"),[VectorBase](https://www.vectorbase.org/ "VectorBase"); [InsectBase](http://www.insect-genome.com/ "InsectBase")
Diptera,Glossinidae,Glossina fuscipes,[7396](https://www.ncbi.nlm.nih.gov/Taxonomy/Browser/wwwtax.cgi?id=7396 "NCBI Taxonomy DB Record"),tsetse fly,[15034](https://www.ncbi.nlm.nih.gov/genome/?term=15034 "NCBI Genome DB Record"),[VectorBase](https://www.vectorbase.org/ "VectorBase"); [InsectBase](http://www.insect-genome.com/ "InsectBase")
Diptera,Glossinidae,Glossina palpalis,[7397](https://www.ncbi.nlm.nih.gov/Taxonomy/Browser/wwwtax.cgi?id=7397 "NCBI Taxonomy DB Record"),tsetse fly,[15033](https://www.ncbi.nlm.nih.gov/genome/?term=15033 "NCBI Genome DB Record"),[VectorBase](https://www.vectorbase.org/ "VectorBase"); [InsectBase](http://www.insect-genome.com/ "InsectBase")
Diptera,Drosophilidae,Phortica variegata,[462259](https://www.ncbi.nlm.nih.gov/Taxonomy/Browser/wwwtax.cgi?id=462259 "NCBI Taxonomy DB Record"),NA,[38277](https://www.ncbi.nlm.nih.gov/genome/?term=38277 "NCBI Genome DB Record")
Hymenoptera,Formicidae,Vollenhovia emeryi,[411798](https://www.ncbi.nlm.nih.gov/Taxonomy/Browser/wwwtax.cgi?id=411798 "NCBI Taxonomy DB Record"),NA,[36511](https://www.ncbi.nlm.nih.gov/genome/?term=36511 "NCBI Genome DB Record"),[InsectBase](http://www.insect-genome.com/ "InsectBase")
Mesostigmata,Laelapidae,Tropilaelaps mercedesae,[418985](https://www.ncbi.nlm.nih.gov/Taxonomy/Browser/wwwtax.cgi?id=418985 "NCBI Taxonomy DB Record"),NA,[53919](https://www.ncbi.nlm.nih.gov/genome/?term=53919 "NCBI Genome DB Record")
Hemiptera,Pentatomidae,Piezodorus guildinii,[437484](https://www.ncbi.nlm.nih.gov/Taxonomy/Browser/wwwtax.cgi?id=437484 "NCBI Taxonomy DB Record"),redbanded stink bug; small green stink bug,[34914](https://www.ncbi.nlm.nih.gov/genome/?term=34914 "NCBI Genome DB Record"),[InsectBase](http://www.insect-genome.com/ "InsectBase")
Diplura,Japygidae,Catajapyx aquilonaris,[438503](https://www.ncbi.nlm.nih.gov/Taxonomy/Browser/wwwtax.cgi?id=438503 "NCBI Taxonomy DB Record"),NA,[17772](https://www.ncbi.nlm.nih.gov/genome/?term=17772 "NCBI Genome DB Record"),[i5k Workspace](https://i5k.nal.usda.gov/ "i5k Workspace"); [InsectBase](http://www.insect-genome.com/ "InsectBase")
Hymenoptera,Diprionidae,Neodiprion lecontei,[441921](https://www.ncbi.nlm.nih.gov/Taxonomy/Browser/wwwtax.cgi?id=441921 "NCBI Taxonomy DB Record"),redheaded pine sawfly,[39861](https://www.ncbi.nlm.nih.gov/genome/?term=39861 "NCBI Genome DB Record"),[i5k Workspace](https://i5k.nal.usda.gov/ "i5k Workspace")
Hymenoptera,Formicidae,Cerapachys biroi,[443821](https://www.ncbi.nlm.nih.gov/Taxonomy/Browser/wwwtax.cgi?id=443821 "NCBI Taxonomy DB Record"),clonal raider ant,[31543](https://www.ncbi.nlm.nih.gov/genome/?term=31543 "NCBI Genome DB Record"),[Hymenoptera Genome Database](http://hymenopteragenome.org/ "Hymenoptera Genome Database"); [InsectBase](http://www.insect-genome.com/ "InsectBase")
Hymenoptera,Braconidae,Diachasma alloeum,[454923](https://www.ncbi.nlm.nih.gov/Taxonomy/Browser/wwwtax.cgi?id=454923 "NCBI Taxonomy DB Record"),NA,[40839](https://www.ncbi.nlm.nih.gov/genome/?term=40839 "NCBI Genome DB Record"),[i5k Workspace](https://i5k.nal.usda.gov/ "i5k Workspace")
Hymenoptera,Formicidae,Cyphomyrmex costatus,[456900](https://www.ncbi.nlm.nih.gov/Taxonomy/Browser/wwwtax.cgi?id=456900 "NCBI Taxonomy DB Record"),NA,[44114](https://www.ncbi.nlm.nih.gov/genome/?term=44114 "NCBI Genome DB Record")
Araneae,Eresidae,Stegodyphus mimosarum,[407821](https://www.ncbi.nlm.nih.gov/Taxonomy/Browser/wwwtax.cgi?id=407821 "NCBI Taxonomy DB Record"),NA,[12925](https://www.ncbi.nlm.nih.gov/genome/?term=12925 "NCBI Genome DB Record")
Hymenoptera,Formicidae,Trachymyrmex cornetzi,[471704](https://www.ncbi.nlm.nih.gov/Taxonomy/Browser/wwwtax.cgi?id=471704 "NCBI Taxonomy DB Record"),NA,[44115](https://www.ncbi.nlm.nih.gov/genome/?term=44115 "NCBI Genome DB Record")
Hemiptera,Pseudococcidae,Trabutina mannipara,[490976](https://www.ncbi.nlm.nih.gov/Taxonomy/Browser/wwwtax.cgi?id=490976 "NCBI Taxonomy DB Record"),NA,[45609](https://www.ncbi.nlm.nih.gov/genome/?term=45609 "NCBI Genome DB Record")
Hymenoptera,Apidae,Eufriesea mexicana,[516756](https://www.ncbi.nlm.nih.gov/Taxonomy/Browser/wwwtax.cgi?id=516756 "NCBI Taxonomy DB Record"),NA,[44840](https://www.ncbi.nlm.nih.gov/genome/?term=44840 "NCBI Genome DB Record"),[Hymenoptera Genome Database](http://hymenopteragenome.org/ "Hymenoptera Genome Database"); [i5k Workspace](https://i5k.nal.usda.gov/ "i5k Workspace")
Hymenoptera,Formicidae,Atta colombica,[520822](https://www.ncbi.nlm.nih.gov/Taxonomy/Browser/wwwtax.cgi?id=520822 "NCBI Taxonomy DB Record"),NA,[44113](https://www.ncbi.nlm.nih.gov/genome/?term=44113 "NCBI Genome DB Record")
Plecoptera,Perlodidae,Isoperla grammatica,[552050](https://www.ncbi.nlm.nih.gov/Taxonomy/Browser/wwwtax.cgi?id=552050 "NCBI Taxonomy DB Record"),NA,[45288](https://www.ncbi.nlm.nih.gov/genome/?term=45288 "NCBI Genome DB Record")
Diptera,Chironomidae,Clunio marinus,[568069](https://www.ncbi.nlm.nih.gov/Taxonomy/Browser/wwwtax.cgi?id=568069 "NCBI Taxonomy DB Record"),NA,[50548](https://www.ncbi.nlm.nih.gov/genome/?term=50548 "NCBI Genome DB Record"),[ClunioBase](http://cluniobase.cibiv.univie.ac.at/ "ClunioBase")
Hymenoptera,Formicidae,Monomorium pharaonis,[307658](https://www.ncbi.nlm.nih.gov/Taxonomy/Browser/wwwtax.cgi?id=307658 "NCBI Taxonomy DB Record"),pharaoh ant,[37124](https://www.ncbi.nlm.nih.gov/genome/?term=37124 "NCBI Genome DB Record"),[InsectBase](http://www.insect-genome.com/ "InsectBase")
Hemiptera,Pseudococcidae,Paracoccus marginatus,[252483](https://www.ncbi.nlm.nih.gov/Taxonomy/Browser/wwwtax.cgi?id=252483 "NCBI Taxonomy DB Record"),NA,[44262](https://www.ncbi.nlm.nih.gov/genome/?term=44262 "NCBI Genome DB Record")
Araneae,Theridiidae,Latrodectus hesperus,[256737](https://www.ncbi.nlm.nih.gov/Taxonomy/Browser/wwwtax.cgi?id=256737 "NCBI Taxonomy DB Record"),western black widow; black widow,[14107](https://www.ncbi.nlm.nih.gov/genome/?term=14107 "NCBI Genome DB Record"),[i5k Workspace](https://i5k.nal.usda.gov/ "i5k Workspace")
Hemiptera,Pentatomidae,Halyomorpha halys,[286706](https://www.ncbi.nlm.nih.gov/Taxonomy/Browser/wwwtax.cgi?id=286706 "NCBI Taxonomy DB Record"),brown marmorated stink bug; East Asian stink bug,[14101](https://www.ncbi.nlm.nih.gov/genome/?term=14101 "NCBI Genome DB Record"),[i5k Workspace](https://i5k.nal.usda.gov/ "i5k Workspace"); [InsectBase](http://www.insect-genome.com/ "InsectBase")
Diptera,Sepsidae,Themira minor,[292402](https://www.ncbi.nlm.nih.gov/Taxonomy/Browser/wwwtax.cgi?id=292402 "NCBI Taxonomy DB Record"),NA,[38280](https://www.ncbi.nlm.nih.gov/genome/?term=38280 "NCBI Genome DB Record")
Decapoda,Atyidae,Caridina multidentata,[293153](https://www.ncbi.nlm.nih.gov/Taxonomy/Browser/wwwtax.cgi?id=293153 "NCBI Taxonomy DB Record"),NA,[54074](https://www.ncbi.nlm.nih.gov/genome/?term=54074 "NCBI Genome DB Record")
Amphipoda,Hyalellidae,Hyalella azteca,[294128](https://www.ncbi.nlm.nih.gov/Taxonomy/Browser/wwwtax.cgi?id=294128 "NCBI Taxonomy DB Record"),NA,[16496](https://www.ncbi.nlm.nih.gov/genome/?term=16496 "NCBI Genome DB Record"),[i5k Workspace](https://i5k.nal.usda.gov/ "i5k Workspace")
Diptera,Tephritidae,Tephritis californica,[594049](https://www.ncbi.nlm.nih.gov/Taxonomy/Browser/wwwtax.cgi?id=594049 "NCBI Taxonomy DB Record"),NA,[38315](https://www.ncbi.nlm.nih.gov/genome/?term=38315 "NCBI Genome DB Record")
Diptera,Tipulidae,Tipula oleracea,[312236](https://www.ncbi.nlm.nih.gov/Taxonomy/Browser/wwwtax.cgi?id=312236 "NCBI Taxonomy DB Record"),NA,[38316](https://www.ncbi.nlm.nih.gov/genome/?term=38316 "NCBI Genome DB Record")
Diptera,Chironomidae,Belgica antarctica,[315563](https://www.ncbi.nlm.nih.gov/Taxonomy/Browser/wwwtax.cgi?id=315563 "NCBI Taxonomy DB Record"),NA,[14659](https://www.ncbi.nlm.nih.gov/genome/?term=14659 "NCBI Genome DB Record")
Diptera,Chironomidae,Chironomus riparius,[315576](https://www.ncbi.nlm.nih.gov/Taxonomy/Browser/wwwtax.cgi?id=315576 "NCBI Taxonomy DB Record"),NA,[2978](https://www.ncbi.nlm.nih.gov/genome/?term=2978 "NCBI Genome DB Record")
Amphipoda,Hyalidae,Parhyale hawaiensis,[317513](https://www.ncbi.nlm.nih.gov/Taxonomy/Browser/wwwtax.cgi?id=317513 "NCBI Taxonomy DB Record"),NA,[15533](https://www.ncbi.nlm.nih.gov/genome/?term=15533 "NCBI Genome DB Record")
Diptera,Stratiomyidae,Hermetia illucens,[343691](https://www.ncbi.nlm.nih.gov/Taxonomy/Browser/wwwtax.cgi?id=343691 "NCBI Taxonomy DB Record"),NA,[38288](https://www.ncbi.nlm.nih.gov/genome/?term=38288 "NCBI Genome DB Record")
Diptera,Ephydridae,Cirrula hians,[1577616](https://www.ncbi.nlm.nih.gov/Taxonomy/Browser/wwwtax.cgi?id=1577616 "NCBI Taxonomy DB Record"),NA,[38296](https://www.ncbi.nlm.nih.gov/genome/?term=38296 "NCBI Genome DB Record")
Strepsiptera,Mengenillidae,Mengenilla moldrzyki,[1155016](https://www.ncbi.nlm.nih.gov/Taxonomy/Browser/wwwtax.cgi?id=1155016 "NCBI Taxonomy DB Record"),NA,[14989](https://www.ncbi.nlm.nih.gov/genome/?term=14989 "NCBI Genome DB Record"),[InsectBase](http://www.insect-genome.com/ "InsectBase")
Trichoptera,Limnephilidae,Limnephilus lunatus,[1218281](https://www.ncbi.nlm.nih.gov/Taxonomy/Browser/wwwtax.cgi?id=1218281 "NCBI Taxonomy DB Record"),NA,[17773](https://www.ncbi.nlm.nih.gov/genome/?term=17773 "NCBI Genome DB Record"),[i5k Workspace](https://i5k.nal.usda.gov/ "i5k Workspace"); [Lepbase](http://lepbase.org/ "Lepbase"); [InsectBase](http://www.insect-genome.com/ "InsectBase")
Hemiptera,Pseudococcidae,Trionymus perrisii,[1295211](https://www.ncbi.nlm.nih.gov/Taxonomy/Browser/wwwtax.cgi?id=1295211 "NCBI Taxonomy DB Record"),NA,[44268](https://www.ncbi.nlm.nih.gov/genome/?term=44268 "NCBI Genome DB Record")
Diptera,Syrphidae,Eristalis dimidiata,[1352481](https://www.ncbi.nlm.nih.gov/Taxonomy/Browser/wwwtax.cgi?id=1352481 "NCBI Taxonomy DB Record"),NA,[38298](https://www.ncbi.nlm.nih.gov/genome/?term=38298 "NCBI Genome DB Record")
Diptera,Culicidae,Anopheles coluzzii,[1518534](https://www.ncbi.nlm.nih.gov/Taxonomy/Browser/wwwtax.cgi?id=1518534 "NCBI Taxonomy DB Record"),NA,[41035](https://www.ncbi.nlm.nih.gov/genome/?term=41035 "NCBI Genome DB Record"),[VectorBase](https://www.vectorbase.org/ "VectorBase"); [InsectBase](http://www.insect-genome.com/ "InsectBase")
Diptera,Dolichopodidae,Condylostylus patibulatus,[1577614](https://www.ncbi.nlm.nih.gov/Taxonomy/Browser/wwwtax.cgi?id=1577614 "NCBI Taxonomy DB Record"),NA,[38287](https://www.ncbi.nlm.nih.gov/genome/?term=38287 "NCBI Genome DB Record")
Diptera,Ephydridae,Ephydra gracilis,[1577615](https://www.ncbi.nlm.nih.gov/Taxonomy/Browser/wwwtax.cgi?id=1577615 "NCBI Taxonomy DB Record"),NA,[38282](https://www.ncbi.nlm.nih.gov/genome/?term=38282 "NCBI Genome DB Record")
Diptera,Asilidae,Holcocephala fusca,[1577617](https://www.ncbi.nlm.nih.gov/Taxonomy/Browser/wwwtax.cgi?id=1577617 "NCBI Taxonomy DB Record"),NA,[38300](https://www.ncbi.nlm.nih.gov/genome/?term=38300 "NCBI Genome DB Record")
Diptera,Sarcophagidae,Sarcophagidae sp. BV-2014,[1577618](https://www.ncbi.nlm.nih.gov/Taxonomy/Browser/wwwtax.cgi?id=1577618 "NCBI Taxonomy DB Record"),NA,[40370](https://www.ncbi.nlm.nih.gov/genome/?term=40370 "NCBI Genome DB Record")
Diptera,Trichoceridae,Trichoceridae sp. BV-2014,[1577620](https://www.ncbi.nlm.nih.gov/Taxonomy/Browser/wwwtax.cgi?id=1577620 "NCBI Taxonomy DB Record"),NA,[38278](https://www.ncbi.nlm.nih.gov/genome/?term=38278 "NCBI Genome DB Record")
Diptera,Chaoboridae,Mochlonyx cinctipes,[1577623](https://www.ncbi.nlm.nih.gov/Taxonomy/Browser/wwwtax.cgi?id=1577623 "NCBI Taxonomy DB Record"),NA,[38286](https://www.ncbi.nlm.nih.gov/genome/?term=38286 "NCBI Genome DB Record")
Diptera,Tephritidae,Eutreta diana,[1577624](https://www.ncbi.nlm.nih.gov/Taxonomy/Browser/wwwtax.cgi?id=1577624 "NCBI Taxonomy DB Record"),NA,[38297](https://www.ncbi.nlm.nih.gov/genome/?term=38297 "NCBI Genome DB Record")
Diptera,Tephritidae,Trupanea jonesi,[1582032](https://www.ncbi.nlm.nih.gov/Taxonomy/Browser/wwwtax.cgi?id=1582032 "NCBI Taxonomy DB Record"),NA,[38283](https://www.ncbi.nlm.nih.gov/genome/?term=38283 "NCBI Genome DB Record")
Coleoptera,Scarabaeidae,Oryctes borbonicus,[1629725](https://www.ncbi.nlm.nih.gov/Taxonomy/Browser/wwwtax.cgi?id=1629725 "NCBI Taxonomy DB Record"),NA,[41561](https://www.ncbi.nlm.nih.gov/genome/?term=41561 "NCBI Genome DB Record")
Hemiptera,Dactylopiidae,Dactylopius coccus,[765876](https://www.ncbi.nlm.nih.gov/Taxonomy/Browser/wwwtax.cgi?id=765876 "NCBI Taxonomy DB Record"),NA,[36092](https://www.ncbi.nlm.nih.gov/genome/?term=36092 "NCBI Genome DB Record"),[InsectBase](http://www.insect-genome.com/ "InsectBase")
Hymenoptera,Apidae,Habropoda laboriosa,[597456](https://www.ncbi.nlm.nih.gov/Taxonomy/Browser/wwwtax.cgi?id=597456 "NCBI Taxonomy DB Record"),NA,[39899](https://www.ncbi.nlm.nih.gov/genome/?term=39899 "NCBI Genome DB Record"),[Hymenoptera Genome Database](http://hymenopteragenome.org/ "Hymenoptera Genome Database"); [i5k Workspace](https://i5k.nal.usda.gov/ "i5k Workspace")
Hymenoptera,Formicidae,Dinoponera quadriceps,[609295](https://www.ncbi.nlm.nih.gov/Taxonomy/Browser/wwwtax.cgi?id=609295 "NCBI Taxonomy DB Record"),NA,[40599](https://www.ncbi.nlm.nih.gov/genome/?term=40599 "NCBI Genome DB Record")
Hymenoptera,Formicidae,Harpegnathos saltator,[610380](https://www.ncbi.nlm.nih.gov/Taxonomy/Browser/wwwtax.cgi?id=610380 "NCBI Taxonomy DB Record"),NA,[2965](https://www.ncbi.nlm.nih.gov/genome/?term=2965 "NCBI Genome DB Record"),[Hymenoptera Genome Database](http://hymenopteragenome.org/ "Hymenoptera Genome Database"); [InsectBase](http://www.insect-genome.com/ "InsectBase")
Lepidoptera,Pyralidae,Amyelois transitella,[680683](https://www.ncbi.nlm.nih.gov/Taxonomy/Browser/wwwtax.cgi?id=680683 "NCBI Taxonomy DB Record"),NA,[38909](https://www.ncbi.nlm.nih.gov/genome/?term=38909 "NCBI Genome DB Record"),[i5k Workspace](https://i5k.nal.usda.gov/ "i5k Workspace"); [Lepbase](http://lepbase.org/ "Lepbase")
Lepidoptera,Lycaenidae,Calycopis cecrops,[691633](https://www.ncbi.nlm.nih.gov/Taxonomy/Browser/wwwtax.cgi?id=691633 "NCBI Taxonomy DB Record"),NA,[44594](https://www.ncbi.nlm.nih.gov/genome/?term=44594 "NCBI Genome DB Record"),[Lepbase](http://lepbase.org/ "Lepbase")
Lepidoptera,Hesperiidae,Lerema accius,[691651](https://www.ncbi.nlm.nih.gov/Taxonomy/Browser/wwwtax.cgi?id=691651 "NCBI Taxonomy DB Record"),NA,[40057](https://www.ncbi.nlm.nih.gov/genome/?term=40057 "NCBI Genome DB Record"),[Lepbase](http://lepbase.org/ "Lepbase")
Hymenoptera,Vespidae,Polistes dominula,[743375](https://www.ncbi.nlm.nih.gov/Taxonomy/Browser/wwwtax.cgi?id=743375 "NCBI Taxonomy DB Record"),European paper wasp,[42066](https://www.ncbi.nlm.nih.gov/genome/?term=42066 "NCBI Genome DB Record")
Hemiptera,Cimicidae,Cimex hemipterus,[757355](https://www.ncbi.nlm.nih.gov/Taxonomy/Browser/wwwtax.cgi?id=757355 "NCBI Taxonomy DB Record"),NA,[45190](https://www.ncbi.nlm.nih.gov/genome/?term=45190 "NCBI Genome DB Record")
Diptera,Drosophilidae,Drosophila rhopaloa,[1041015](https://www.ncbi.nlm.nih.gov/Taxonomy/Browser/wwwtax.cgi?id=1041015 "NCBI Taxonomy DB Record"),NA,[6853](https://www.ncbi.nlm.nih.gov/genome/?term=6853 "NCBI Genome DB Record"),[i5k Workspace](https://i5k.nal.usda.gov/ "i5k Workspace"); [InsectBase](http://www.insect-genome.com/ "InsectBase")
Ephemeroptera,Ephemeridae,Ephemera danica,[1049336](https://www.ncbi.nlm.nih.gov/Taxonomy/Browser/wwwtax.cgi?id=1049336 "NCBI Taxonomy DB Record"),NA,[14601](https://www.ncbi.nlm.nih.gov/genome/?term=14601 "NCBI Genome DB Record"),[i5k Workspace](https://i5k.nal.usda.gov/ "i5k Workspace"); [InsectBase](http://www.insect-genome.com/ "InsectBase")
Diptera,Drosophilidae,Drosophila biarmipes,[125945](https://www.ncbi.nlm.nih.gov/Taxonomy/Browser/wwwtax.cgi?id=125945 "NCBI Taxonomy DB Record"),NA,[3499](https://www.ncbi.nlm.nih.gov/genome/?term=3499 "NCBI Genome DB Record"),[i5k Workspace](https://i5k.nal.usda.gov/ "i5k Workspace"); [InsectBase](http://www.insect-genome.com/ "InsectBase")
Lepidoptera,Nymphalidae,Melitaea cinxia,[113334](https://www.ncbi.nlm.nih.gov/Taxonomy/Browser/wwwtax.cgi?id=113334 "NCBI Taxonomy DB Record"),Glanville fritillary,[814](https://www.ncbi.nlm.nih.gov/genome/?term=814 "NCBI Genome DB Record"),[Lepbase](http://lepbase.org/ "Lepbase"); [InsectBase](http://www.insect-genome.com/ "InsectBase")
Araneae,Theridiidae,Parasteatoda tepidariorum,[114398](https://www.ncbi.nlm.nih.gov/Taxonomy/Browser/wwwtax.cgi?id=114398 "NCBI Taxonomy DB Record"),common house spider,[13270](https://www.ncbi.nlm.nih.gov/genome/?term=13270 "NCBI Genome DB Record"),[i5k Workspace](https://i5k.nal.usda.gov/ "i5k Workspace")
Blattodea,Termitidae,Nasutitermes exitiosus,[114634](https://www.ncbi.nlm.nih.gov/Taxonomy/Browser/wwwtax.cgi?id=114634 "NCBI Taxonomy DB Record"),NA,[40812](https://www.ncbi.nlm.nih.gov/genome/?term=40812 "NCBI Genome DB Record")
Coleoptera,Nitidulidae,Aethina tumida,[116153](https://www.ncbi.nlm.nih.gov/Taxonomy/Browser/wwwtax.cgi?id=116153 "NCBI Taxonomy DB Record"),small hive beetle,[51711](https://www.ncbi.nlm.nih.gov/genome/?term=51711 "NCBI Genome DB Record"),[i5k Workspace](https://i5k.nal.usda.gov/ "i5k Workspace")
Phthiraptera,Pediculidae,Pediculus humanus,[121225](https://www.ncbi.nlm.nih.gov/Taxonomy/Browser/wwwtax.cgi?id=121225 "NCBI Taxonomy DB Record"),human louse; body lice; head lice; human lice,[522](https://www.ncbi.nlm.nih.gov/genome/?term=522 "NCBI Genome DB Record"),[VectorBase](https://www.vectorbase.org/ "VectorBase"); [InsectBase](http://www.insect-genome.com/ "InsectBase")
Hemiptera,Psyllidae,Diaphorina citri,[121845](https://www.ncbi.nlm.nih.gov/Taxonomy/Browser/wwwtax.cgi?id=121845 "NCBI Taxonomy DB Record"),Asian citrus psyllid,[867](https://www.ncbi.nlm.nih.gov/genome/?term=867 "NCBI Genome DB Record"),[i5k Workspace](https://i5k.nal.usda.gov/ "i5k Workspace"); [InsectBase](http://www.insect-genome.com/ "InsectBase")
Diptera,Culicidae,Anopheles cracens,[123217](https://www.ncbi.nlm.nih.gov/Taxonomy/Browser/wwwtax.cgi?id=123217 "NCBI Taxonomy DB Record"),NA,[17028](https://www.ncbi.nlm.nih.gov/genome/?term=17028 "NCBI Genome DB Record")
Odonata,Libellulidae,Ladona fulva,[123851](https://www.ncbi.nlm.nih.gov/Taxonomy/Browser/wwwtax.cgi?id=123851 "NCBI Taxonomy DB Record"),scarce chaser,[17240](https://www.ncbi.nlm.nih.gov/genome/?term=17240 "NCBI Genome DB Record"),[i5k Workspace](https://i5k.nal.usda.gov/ "i5k Workspace"); [InsectBase](http://www.insect-genome.com/ "InsectBase")
Diptera,Culicidae,Anopheles minimus,[112268](https://www.ncbi.nlm.nih.gov/Taxonomy/Browser/wwwtax.cgi?id=112268 "NCBI Taxonomy DB Record"),NA,[11551](https://www.ncbi.nlm.nih.gov/genome/?term=11551 "NCBI Genome DB Record"),[VectorBase](https://www.vectorbase.org/ "VectorBase"); [InsectBase](http://www.insect-genome.com/ "InsectBase")
Geophilomorpha,Linotaeniidae,Strigamia maritima,[126957](https://www.ncbi.nlm.nih.gov/Taxonomy/Browser/wwwtax.cgi?id=126957 "NCBI Taxonomy DB Record"),NA,[790](https://www.ncbi.nlm.nih.gov/genome/?term=790 "NCBI Genome DB Record")
Oribatida,Camisiidae,Platynothrus peltifer,[128015](https://www.ncbi.nlm.nih.gov/Taxonomy/Browser/wwwtax.cgi?id=128015 "NCBI Taxonomy DB Record"),NA,[37201](https://www.ncbi.nlm.nih.gov/genome/?term=37201 "NCBI Genome DB Record")
Hymenoptera,Apidae,Bombus impatiens,[132113](https://www.ncbi.nlm.nih.gov/Taxonomy/Browser/wwwtax.cgi?id=132113 "NCBI Taxonomy DB Record"),common eastern bumble bee,[3415](https://www.ncbi.nlm.nih.gov/genome/?term=3415 "NCBI Genome DB Record"),[Hymenoptera Genome Database](http://hymenopteragenome.org/ "Hymenoptera Genome Database"); [InsectBase](http://www.insect-genome.com/ "InsectBase")
Thysanoptera,Thripidae,Frankliniella occidentalis,[133901](https://www.ncbi.nlm.nih.gov/Taxonomy/Browser/wwwtax.cgi?id=133901 "NCBI Taxonomy DB Record"),western flower thrips,[14741](https://www.ncbi.nlm.nih.gov/genome/?term=14741 "NCBI Genome DB Record"),[i5k Workspace](https://i5k.nal.usda.gov/ "i5k Workspace"); [InsectBase](http://www.insect-genome.com/ "InsectBase")
Blattodea,Termopsidae,Zootermopsis nevadensis,[136037](https://www.ncbi.nlm.nih.gov/Taxonomy/Browser/wwwtax.cgi?id=136037 "NCBI Taxonomy DB Record"),NA,[17755](https://www.ncbi.nlm.nih.gov/genome/?term=17755 "NCBI Genome DB Record"),[InsectBase](http://www.insect-genome.com/ "InsectBase")
Cyclopoida,Oithonidae,Oithona nana,[136191](https://www.ncbi.nlm.nih.gov/Taxonomy/Browser/wwwtax.cgi?id=136191 "NCBI Taxonomy DB Record"),NA,[53058](https://www.ncbi.nlm.nih.gov/genome/?term=53058 "NCBI Genome DB Record")
Diptera,Diopsidae,Teleopsis dalmanni,[139649](https://www.ncbi.nlm.nih.gov/Taxonomy/Browser/wwwtax.cgi?id=139649 "NCBI Taxonomy DB Record"),NA,[13232](https://www.ncbi.nlm.nih.gov/genome/?term=13232 "NCBI Genome DB Record")
Diptera,Diopsidae,Sphyracephala brevicornis,[139677](https://www.ncbi.nlm.nih.gov/Taxonomy/Browser/wwwtax.cgi?id=139677 "NCBI Taxonomy DB Record"),NA,[38301](https://www.ncbi.nlm.nih.gov/genome/?term=38301 "NCBI Genome DB Record")
Hymenoptera,Vespidae,Polistes canadensis,[91411](https://www.ncbi.nlm.nih.gov/Taxonomy/Browser/wwwtax.cgi?id=91411 "NCBI Taxonomy DB Record"),NA,[16494](https://www.ncbi.nlm.nih.gov/genome/?term=16494 "NCBI Genome DB Record")
Diptera,Drosophilidae,Zaprionus indianus,[76712](https://www.ncbi.nlm.nih.gov/Taxonomy/Browser/wwwtax.cgi?id=76712 "NCBI Taxonomy DB Record"),NA,[46538](https://www.ncbi.nlm.nih.gov/genome/?term=46538 "NCBI Genome DB Record")
Coleoptera,Curculionidae,Dendroctonus ponderosae,[77166](https://www.ncbi.nlm.nih.gov/Taxonomy/Browser/wwwtax.cgi?id=77166 "NCBI Taxonomy DB Record"),mountain pine beetle,[11242](https://www.ncbi.nlm.nih.gov/genome/?term=11242 "NCBI Genome DB Record"),[InsectBase](http://www.insect-genome.com/ "InsectBase")
Hemiptera,Cimicidae,Cimex lectularius,[79782](https://www.ncbi.nlm.nih.gov/Taxonomy/Browser/wwwtax.cgi?id=79782 "NCBI Taxonomy DB Record"),bed bug,[11279](https://www.ncbi.nlm.nih.gov/genome/?term=11279 "NCBI Genome DB Record"),[i5k Workspace](https://i5k.nal.usda.gov/ "i5k Workspace"); [VectorBase](https://www.vectorbase.org/ "VectorBase"); [InsectBase](http://www.insect-genome.com/ "InsectBase")
Hymenoptera,Formicidae,Linepithema humile,[83485](https://www.ncbi.nlm.nih.gov/Taxonomy/Browser/wwwtax.cgi?id=83485 "NCBI Taxonomy DB Record"),Argentine ant,[2733](https://www.ncbi.nlm.nih.gov/genome/?term=2733 "NCBI Genome DB Record"),[Hymenoptera Genome Database](http://hymenopteragenome.org/ "Hymenoptera Genome Database"); [InsectBase](http://www.insect-genome.com/ "InsectBase")
Diptera,Psychodidae,Clogmia albipunctata,[85120](https://www.ncbi.nlm.nih.gov/Taxonomy/Browser/wwwtax.cgi?id=85120 "NCBI Taxonomy DB Record"),mothmidge,[38294](https://www.ncbi.nlm.nih.gov/genome/?term=38294 "NCBI Genome DB Record")
Calanoida,Temoridae,Eurytemora affinis,[88015](https://www.ncbi.nlm.nih.gov/Taxonomy/Browser/wwwtax.cgi?id=88015 "NCBI Taxonomy DB Record"),NA,[17731](https://www.ncbi.nlm.nih.gov/genome/?term=17731 "NCBI Genome DB Record"),[i5k Workspace](https://i5k.nal.usda.gov/ "i5k Workspace")
Hymenoptera,Halictidae,Lasioglossum albipes,[88501](https://www.ncbi.nlm.nih.gov/Taxonomy/Browser/wwwtax.cgi?id=88501 "NCBI Taxonomy DB Record"),NA,[15038](https://www.ncbi.nlm.nih.gov/genome/?term=15038 "NCBI Genome DB Record"),[Hymenoptera Genome Database](http://hymenopteragenome.org/ "Hymenoptera Genome Database"); [i5k Workspace](https://i5k.nal.usda.gov/ "i5k Workspace")
Diptera,Phoridae,Megaselia abdita,[88686](https://www.ncbi.nlm.nih.gov/Taxonomy/Browser/wwwtax.cgi?id=88686 "NCBI Taxonomy DB Record"),NA,[38299](https://www.ncbi.nlm.nih.gov/genome/?term=38299 "NCBI Genome DB Record")
Diptera,Culicidae,Anopheles culicifacies,[139723](https://www.ncbi.nlm.nih.gov/Taxonomy/Browser/wwwtax.cgi?id=139723 "NCBI Taxonomy DB Record"),NA,[11552](https://www.ncbi.nlm.nih.gov/genome/?term=11552 "NCBI Genome DB Record"),[VectorBase](https://www.vectorbase.org/ "VectorBase"); [InsectBase](http://www.insect-genome.com/ "InsectBase")
Lepidoptera,Nymphalidae,Heliconius timareta,[101932](https://www.ncbi.nlm.nih.gov/Taxonomy/Browser/wwwtax.cgi?id=101932 "NCBI Taxonomy DB Record"),NA,[15536](https://www.ncbi.nlm.nih.gov/genome/?term=15536 "NCBI Genome DB Record"),[Lepbase](http://lepbase.org/ "Lepbase")
Hymenoptera,Formicidae,Acromyrmex echinatior,[103372](https://www.ncbi.nlm.nih.gov/Taxonomy/Browser/wwwtax.cgi?id=103372 "NCBI Taxonomy DB Record"),Panamanian leafcutter ant,[3519](https://www.ncbi.nlm.nih.gov/genome/?term=3519 "NCBI Genome DB Record"),[Hymenoptera Genome Database](http://hymenopteragenome.org/ "Hymenoptera Genome Database"); [InsectBase](http://www.insect-genome.com/ "InsectBase")
Hymenoptera,Formicidae,Camponotus floridanus,[104421](https://www.ncbi.nlm.nih.gov/Taxonomy/Browser/wwwtax.cgi?id=104421 "NCBI Taxonomy DB Record"),Florida carpenter ant,[2966](https://www.ncbi.nlm.nih.gov/genome/?term=2966 "NCBI Genome DB Record"),[Hymenoptera Genome Database](http://hymenopteragenome.org/ "Hymenoptera Genome Database"); [InsectBase](http://www.insect-genome.com/ "InsectBase")
Lepidoptera,Geometridae,Operophtera brumata,[104452](https://www.ncbi.nlm.nih.gov/Taxonomy/Browser/wwwtax.cgi?id=104452 "NCBI Taxonomy DB Record"),winter moth,[39883](https://www.ncbi.nlm.nih.gov/genome/?term=39883 "NCBI Genome DB Record"),[Lepbase](http://lepbase.org/ "Lepbase")
Diptera,Tephritidae,Bactrocera oleae,[104688](https://www.ncbi.nlm.nih.gov/Taxonomy/Browser/wwwtax.cgi?id=104688 "NCBI Taxonomy DB Record"),olive fruit fly; olive fly,[17298](https://www.ncbi.nlm.nih.gov/genome/?term=17298 "NCBI Genome DB Record"),[i5k Workspace](https://i5k.nal.usda.gov/ "i5k Workspace")
Hemiptera,Delphacidae,Nilaparvata lugens,[108931](https://www.ncbi.nlm.nih.gov/Taxonomy/Browser/wwwtax.cgi?id=108931 "NCBI Taxonomy DB Record"),brown planthopper,[2941](https://www.ncbi.nlm.nih.gov/genome/?term=2941 "NCBI Genome DB Record"),[InsectBase](http://www.insect-genome.com/ "InsectBase")
Mesostigmata,Varroidae,Varroa destructor,[109461](https://www.ncbi.nlm.nih.gov/Taxonomy/Browser/wwwtax.cgi?id=109461 "NCBI Taxonomy DB Record"),honeybee mite; honeybee ectoparasitic mite,[937](https://www.ncbi.nlm.nih.gov/genome/?term=937 "NCBI Genome DB Record"),[Hymenoptera Genome Database](http://hymenopteragenome.org/ "Hymenoptera Genome Database")
Coleoptera,Silphidae,Nicrophorus vespilloides,[110193](https://www.ncbi.nlm.nih.gov/Taxonomy/Browser/wwwtax.cgi?id=110193 "NCBI Taxonomy DB Record"),NA,[40824](https://www.ncbi.nlm.nih.gov/genome/?term=40824 "NCBI Genome DB Record"),[i5k Workspace](https://i5k.nal.usda.gov/ "i5k Workspace")
Coleoptera,Cerambycidae,Anoplophora glabripennis,[217634](https://www.ncbi.nlm.nih.gov/Taxonomy/Browser/wwwtax.cgi?id=217634 "NCBI Taxonomy DB Record"),Asian longhorned beetle,[14033](https://www.ncbi.nlm.nih.gov/genome/?term=14033 "NCBI Genome DB Record"),[i5k Workspace](https://i5k.nal.usda.gov/ "i5k Workspace"); [InsectBase](http://www.insect-genome.com/ "InsectBase")
Notostraca,Triopsidae,Triops cancriformis,[194544](https://www.ncbi.nlm.nih.gov/Taxonomy/Browser/wwwtax.cgi?id=194544 "NCBI Taxonomy DB Record"),NA,[7259](https://www.ncbi.nlm.nih.gov/genome/?term=7259 "NCBI Genome DB Record")
Hemiptera,Cicadellidae,Homalodisca vitripennis,[197043](https://www.ncbi.nlm.nih.gov/Taxonomy/Browser/wwwtax.cgi?id=197043 "NCBI Taxonomy DB Record"),NA,[13454](https://www.ncbi.nlm.nih.gov/genome/?term=13454 "NCBI Genome DB Record"),[i5k Workspace](https://i5k.nal.usda.gov/ "i5k Workspace"); [InsectBase](http://www.insect-genome.com/ "InsectBase")
Diptera,Agromyzidae,Liriomyza trifolii,[198433](https://www.ncbi.nlm.nih.gov/Taxonomy/Browser/wwwtax.cgi?id=198433 "NCBI Taxonomy DB Record"),celery leafminer; American serpentine leafminer,[16235](https://www.ncbi.nlm.nih.gov/genome/?term=16235 "NCBI Genome DB Record")
Diptera,Culicidae,Anopheles epiroticus,[199890](https://www.ncbi.nlm.nih.gov/Taxonomy/Browser/wwwtax.cgi?id=199890 "NCBI Taxonomy DB Record"),NA,[11546](https://www.ncbi.nlm.nih.gov/genome/?term=11546 "NCBI Genome DB Record"),[VectorBase](https://www.vectorbase.org/ "VectorBase"); [InsectBase](http://www.insect-genome.com/ "InsectBase")
Diptera,Chaoboridae,Chaoborus trivitattus,[204567](https://www.ncbi.nlm.nih.gov/Taxonomy/Browser/wwwtax.cgi?id=204567 "NCBI Taxonomy DB Record"),NA,[38285](https://www.ncbi.nlm.nih.gov/genome/?term=38285 "NCBI Genome DB Record")
Hymenoptera,Cephidae,Cephus cinctus,[211228](https://www.ncbi.nlm.nih.gov/Taxonomy/Browser/wwwtax.cgi?id=211228 "NCBI Taxonomy DB Record"),wheat stem sawfly,[14134](https://www.ncbi.nlm.nih.gov/genome/?term=14134 "NCBI Genome DB Record"),[i5k Workspace](https://i5k.nal.usda.gov/ "i5k Workspace"); [InsectBase](http://www.insect-genome.com/ "InsectBase")
Siphonostomatoida,Caligidae,Caligus rogercresseyi,[217165](https://www.ncbi.nlm.nih.gov/Taxonomy/Browser/wwwtax.cgi?id=217165 "NCBI Taxonomy DB Record"),NA,[38161](https://www.ncbi.nlm.nih.gov/genome/?term=38161 "NCBI Genome DB Record")
Hymenoptera,Braconidae,Cotesia vestalis,[217443](https://www.ncbi.nlm.nih.gov/Taxonomy/Browser/wwwtax.cgi?id=217443 "NCBI Taxonomy DB Record"),diamondback moth parasitoid,[12200](https://www.ncbi.nlm.nih.gov/genome/?term=12200 "NCBI Genome DB Record"),[InsectBase](http://www.insect-genome.com/ "InsectBase")
Ephemeroptera,Baetidae,Baetis rhodani,[189839](https://www.ncbi.nlm.nih.gov/Taxonomy/Browser/wwwtax.cgi?id=189839 "NCBI Taxonomy DB Record"),NA,[45287](https://www.ncbi.nlm.nih.gov/genome/?term=45287 "NCBI Genome DB Record")
Hymenoptera,Formicidae,Pseudomyrmex gracilis,[219809](https://www.ncbi.nlm.nih.gov/Taxonomy/Browser/wwwtax.cgi?id=219809 "NCBI Taxonomy DB Record"),NA,[53069](https://www.ncbi.nlm.nih.gov/genome/?term=53069 "NCBI Genome DB Record")
Hymenoptera,Orussidae,Orussus abietinus,[222816](https://www.ncbi.nlm.nih.gov/Taxonomy/Browser/wwwtax.cgi?id=222816 "NCBI Taxonomy DB Record"),NA,[14602](https://www.ncbi.nlm.nih.gov/genome/?term=14602 "NCBI Genome DB Record"),[i5k Workspace](https://i5k.nal.usda.gov/ "i5k Workspace"); [InsectBase](http://www.insect-genome.com/ "InsectBase")
Hemiptera,Pseudococcidae,Ferrisia virgata,[223228](https://www.ncbi.nlm.nih.gov/Taxonomy/Browser/wwwtax.cgi?id=223228 "NCBI Taxonomy DB Record"),striped mealybug,[44261](https://www.ncbi.nlm.nih.gov/genome/?term=44261 "NCBI Genome DB Record")
Coleoptera,Buprestidae,Agrilus planipennis,[224129](https://www.ncbi.nlm.nih.gov/Taxonomy/Browser/wwwtax.cgi?id=224129 "NCBI Taxonomy DB Record"),emerald ash borer,[12835](https://www.ncbi.nlm.nih.gov/genome/?term=12835 "NCBI Genome DB Record"),[i5k Workspace](https://i5k.nal.usda.gov/ "i5k Workspace"); [InsectBase](http://www.insect-genome.com/ "InsectBase")
Oribatida,Achipteriidae,Achipteria coleoptrata,[229769](https://www.ncbi.nlm.nih.gov/Taxonomy/Browser/wwwtax.cgi?id=229769 "NCBI Taxonomy DB Record"),NA,[37199](https://www.ncbi.nlm.nih.gov/genome/?term=37199 "NCBI Genome DB Record")
Hymenoptera,Apidae,Melipona quadrifasciata,[166423](https://www.ncbi.nlm.nih.gov/Taxonomy/Browser/wwwtax.cgi?id=166423 "NCBI Taxonomy DB Record"),NA,[12726](https://www.ncbi.nlm.nih.gov/genome/?term=12726 "NCBI Genome DB Record"),[i5k Workspace](https://i5k.nal.usda.gov/ "i5k Workspace")
Isopoda,Ligiidae,Ligia exotica,[142080](https://www.ncbi.nlm.nih.gov/Taxonomy/Browser/wwwtax.cgi?id=142080 "NCBI Taxonomy DB Record"),NA,[54073](https://www.ncbi.nlm.nih.gov/genome/?term=54073 "NCBI Genome DB Record")
Hymenoptera,Agaonidae,Ceratosolen solmsi,[142686](https://www.ncbi.nlm.nih.gov/Taxonomy/Browser/wwwtax.cgi?id=142686 "NCBI Taxonomy DB Record"),NA,[23331](https://www.ncbi.nlm.nih.gov/genome/?term=23331 "NCBI Genome DB Record"),[InsectBase](http://www.insect-genome.com/ "InsectBase")
Plecoptera,Nemouridae,Amphinemura sulcicollis,[143724](https://www.ncbi.nlm.nih.gov/Taxonomy/Browser/wwwtax.cgi?id=143724 "NCBI Taxonomy DB Record"),NA,[45286](https://www.ncbi.nlm.nih.gov/genome/?term=45286 "NCBI Genome DB Record")
Hemiptera,Aphididae,Diuraphis noxia,[143948](https://www.ncbi.nlm.nih.gov/Taxonomy/Browser/wwwtax.cgi?id=143948 "NCBI Taxonomy DB Record"),Russian wheat aphid,[24062](https://www.ncbi.nlm.nih.gov/genome/?term=24062 "NCBI Genome DB Record")
Hymenoptera,Megachilidae,Megachile rotundata,[143995](https://www.ncbi.nlm.nih.gov/Taxonomy/Browser/wwwtax.cgi?id=143995 "NCBI Taxonomy DB Record"),alfalfa leafcutting bee,[6563](https://www.ncbi.nlm.nih.gov/genome/?term=6563 "NCBI Genome DB Record"),[Hymenoptera Genome Database](http://hymenopteragenome.org/ "Hymenoptera Genome Database"); [i5k Workspace](https://i5k.nal.usda.gov/ "i5k Workspace"); [InsectBase](http://www.insect-genome.com/ "InsectBase")
Hymenoptera,Formicidae,Pogonomyrmex barbatus,[144034](https://www.ncbi.nlm.nih.gov/Taxonomy/Browser/wwwtax.cgi?id=144034 "NCBI Taxonomy DB Record"),red harvester ant,[2732](https://www.ncbi.nlm.nih.gov/genome/?term=2732 "NCBI Genome DB Record"),[Hymenoptera Genome Database](http://hymenopteragenome.org/ "Hymenoptera Genome Database"); [InsectBase](http://www.insect-genome.com/ "InsectBase")
Hymenoptera,Apidae,Ceratina calcarata,[156304](https://www.ncbi.nlm.nih.gov/Taxonomy/Browser/wwwtax.cgi?id=156304 "NCBI Taxonomy DB Record"),NA,[45025](https://www.ncbi.nlm.nih.gov/genome/?term=45025 "NCBI Genome DB Record")
Coleoptera,Scarabaeidae,Onthophagus taurus,[166361](https://www.ncbi.nlm.nih.gov/Taxonomy/Browser/wwwtax.cgi?id=166361 "NCBI Taxonomy DB Record"),NA,[12827](https://www.ncbi.nlm.nih.gov/genome/?term=12827 "NCBI Genome DB Record"),[i5k Workspace](https://i5k.nal.usda.gov/ "i5k Workspace")
Diptera,Asilidae,Proctacanthus coquilletti,[1717472](https://www.ncbi.nlm.nih.gov/Taxonomy/Browser/wwwtax.cgi?id=1717472 "NCBI Taxonomy DB Record"),NA,[51575](https://www.ncbi.nlm.nih.gov/genome/?term=51575 "NCBI Genome DB Record")
Lepidoptera,Crambidae,Chilo suppressalis,[168631](https://www.ncbi.nlm.nih.gov/Taxonomy/Browser/wwwtax.cgi?id=168631 "NCBI Taxonomy DB Record"),striped riceborer; Asiatic rice borer; striped rice borer,[13084](https://www.ncbi.nlm.nih.gov/genome/?term=13084 "NCBI Genome DB Record"),[Lepbase](http://lepbase.org/ "Lepbase"); [InsectBase](http://www.insect-genome.com/ "InsectBase")
Diptera,Scatopsidae,Coboldia fuscipes,[170625](https://www.ncbi.nlm.nih.gov/Taxonomy/Browser/wwwtax.cgi?id=170625 "NCBI Taxonomy DB Record"),NA,[38275](https://www.ncbi.nlm.nih.gov/genome/?term=38275 "NCBI Genome DB Record")
Diptera,Tephritidae,Bactrocera latifrons,[174628](https://www.ncbi.nlm.nih.gov/Taxonomy/Browser/wwwtax.cgi?id=174628 "NCBI Taxonomy DB Record"),NA,[43857](https://www.ncbi.nlm.nih.gov/genome/?term=43857 "NCBI Genome DB Record")
Hemiptera,Pseudococcidae,Maconellicoccus hirsutus,[177089](https://www.ncbi.nlm.nih.gov/Taxonomy/Browser/wwwtax.cgi?id=177089 "NCBI Taxonomy DB Record"),hibiscus mealybug; pink hibiscus mealybug; pink mealybug,[44264](https://www.ncbi.nlm.nih.gov/genome/?term=44264 "NCBI Genome DB Record")
Hymenoptera,Halictidae,Dufourea novaeangliae,[178035](https://www.ncbi.nlm.nih.gov/Taxonomy/Browser/wwwtax.cgi?id=178035 "NCBI Taxonomy DB Record"),NA,[39971](https://www.ncbi.nlm.nih.gov/genome/?term=39971 "NCBI Genome DB Record"),[Hymenoptera Genome Database](http://hymenopteragenome.org/ "Hymenoptera Genome Database"); [i5k Workspace](https://i5k.nal.usda.gov/ "i5k Workspace")
Diptera,Culicidae,Anopheles nili,[185578](https://www.ncbi.nlm.nih.gov/Taxonomy/Browser/wwwtax.cgi?id=185578 "NCBI Taxonomy DB Record"),NA,[17525](https://www.ncbi.nlm.nih.gov/genome/?term=17525 "NCBI Genome DB Record"),[InsectBase](http://www.insect-genome.com/ "InsectBase")
