Amphipoda,Hyalellidae,Hyalella azteca,"<a href=""https://www.ncbi.nlm.nih.gov/Taxonomy/Browser/wwwtax.cgi?id=294128"">294128</a>",NA,"<a href=""https://www.ncbi.nlm.nih.gov/genome/?term=16496"">16496</a>","<a href=""https://i5k.nal.usda.gov/"">i5k Workspace</a>"
Amphipoda,Hyalidae,Parhyale hawaiensis,"<a href=""https://www.ncbi.nlm.nih.gov/Taxonomy/Browser/wwwtax.cgi?id=317513"">317513</a>",NA,"<a href=""https://www.ncbi.nlm.nih.gov/genome/?term=15533"">15533</a>",
Araneae,Eresidae,Stegodyphus mimosarum,"<a href=""https://www.ncbi.nlm.nih.gov/Taxonomy/Browser/wwwtax.cgi?id=407821"">407821</a>",NA,"<a href=""https://www.ncbi.nlm.nih.gov/genome/?term=12925"">12925</a>",
Araneae,Nephilidae,Nephila clavipes,"<a href=""https://www.ncbi.nlm.nih.gov/Taxonomy/Browser/wwwtax.cgi?id=6915"">6915</a>",NA,"<a href=""https://www.ncbi.nlm.nih.gov/genome/?term=54232"">54232</a>",
Araneae,Sicariidae,Loxosceles reclusa,"<a href=""https://www.ncbi.nlm.nih.gov/Taxonomy/Browser/wwwtax.cgi?id=6921"">6921</a>",brown recluse,"<a href=""https://www.ncbi.nlm.nih.gov/genome/?term=14028"">14028</a>","<a href=""https://i5k.nal.usda.gov/"">i5k Workspace</a>"
Araneae,Theridiidae,Latrodectus hesperus,"<a href=""https://www.ncbi.nlm.nih.gov/Taxonomy/Browser/wwwtax.cgi?id=256737"">256737</a>",western black widow; black widow,"<a href=""https://www.ncbi.nlm.nih.gov/genome/?term=14107"">14107</a>","<a href=""https://i5k.nal.usda.gov/"">i5k Workspace</a>"
Araneae,Theridiidae,Parasteatoda tepidariorum,"<a href=""https://www.ncbi.nlm.nih.gov/Taxonomy/Browser/wwwtax.cgi?id=114398"">114398</a>",common house spider,"<a href=""https://www.ncbi.nlm.nih.gov/genome/?term=13270"">13270</a>","<a href=""https://i5k.nal.usda.gov/"">i5k Workspace</a>"
Astigmata,Pyroglyphidae,Dermatophagoides farinae,"<a href=""https://www.ncbi.nlm.nih.gov/Taxonomy/Browser/wwwtax.cgi?id=6954"">6954</a>",American house dust mite,"<a href=""https://www.ncbi.nlm.nih.gov/genome/?term=9138"">9138</a>",
Astigmata,Pyroglyphidae,Dermatophagoides pteronyssinus,"<a href=""https://www.ncbi.nlm.nih.gov/Taxonomy/Browser/wwwtax.cgi?id=6956"">6956</a>",European house dust mite,"<a href=""https://www.ncbi.nlm.nih.gov/genome/?term=8901"">8901</a>",
Astigmata,Sarcoptidae,Sarcoptes scabiei,"<a href=""https://www.ncbi.nlm.nih.gov/Taxonomy/Browser/wwwtax.cgi?id=52283"">52283</a>",NA,"<a href=""https://www.ncbi.nlm.nih.gov/genome/?term=36095"">36095</a>",
Blattodea,Ectobiidae,Blattella germanica,"<a href=""https://www.ncbi.nlm.nih.gov/Taxonomy/Browser/wwwtax.cgi?id=6973"">6973</a>",German cockroach,"<a href=""https://www.ncbi.nlm.nih.gov/genome/?term=13223"">13223</a>","<a href=""https://i5k.nal.usda.gov/"">i5k Workspace</a>; <a href=""http://www.insect-genome.com/"">InsectBase</a>"
Blattodea,Termitidae,Nasutitermes exitiosus,"<a href=""https://www.ncbi.nlm.nih.gov/Taxonomy/Browser/wwwtax.cgi?id=114634"">114634</a>",NA,"<a href=""https://www.ncbi.nlm.nih.gov/genome/?term=40812"">40812</a>",
Blattodea,Termopsidae,Zootermopsis nevadensis,"<a href=""https://www.ncbi.nlm.nih.gov/Taxonomy/Browser/wwwtax.cgi?id=136037"">136037</a>",NA,"<a href=""https://www.ncbi.nlm.nih.gov/genome/?term=17755"">17755</a>","<a href=""http://www.insect-genome.com/"">InsectBase</a>"
Calanoida,Temoridae,Eurytemora affinis,"<a href=""https://www.ncbi.nlm.nih.gov/Taxonomy/Browser/wwwtax.cgi?id=88015"">88015</a>",NA,"<a href=""https://www.ncbi.nlm.nih.gov/genome/?term=17731"">17731</a>","<a href=""https://i5k.nal.usda.gov/"">i5k Workspace</a>"
Coleoptera,Buprestidae,Agrilus planipennis,"<a href=""https://www.ncbi.nlm.nih.gov/Taxonomy/Browser/wwwtax.cgi?id=224129"">224129</a>",emerald ash borer,"<a href=""https://www.ncbi.nlm.nih.gov/genome/?term=12835"">12835</a>","<a href=""https://i5k.nal.usda.gov/"">i5k Workspace</a>; <a href=""http://www.insect-genome.com/"">InsectBase</a>"
Coleoptera,Cerambycidae,Anoplophora glabripennis,"<a href=""https://www.ncbi.nlm.nih.gov/Taxonomy/Browser/wwwtax.cgi?id=217634"">217634</a>",Asian longhorned beetle,"<a href=""https://www.ncbi.nlm.nih.gov/genome/?term=14033"">14033</a>","<a href=""https://i5k.nal.usda.gov/"">i5k Workspace</a>; <a href=""http://www.insect-genome.com/"">InsectBase</a>"
Coleoptera,Chrysomelidae,Leptinotarsa decemlineata,"<a href=""https://www.ncbi.nlm.nih.gov/Taxonomy/Browser/wwwtax.cgi?id=7539"">7539</a>",Colorado potato beetle,"<a href=""https://www.ncbi.nlm.nih.gov/genome/?term=12832"">12832</a>","<a href=""https://i5k.nal.usda.gov/"">i5k Workspace</a>; <a href=""http://www.insect-genome.com/"">InsectBase</a>"
Coleoptera,Cupedidae,Priacma serrata,"<a href=""https://www.ncbi.nlm.nih.gov/Taxonomy/Browser/wwwtax.cgi?id=50550"">50550</a>",NA,"<a href=""https://www.ncbi.nlm.nih.gov/genome/?term=11831"">11831</a>",
Coleoptera,Curculionidae,Dendroctonus ponderosae,"<a href=""https://www.ncbi.nlm.nih.gov/Taxonomy/Browser/wwwtax.cgi?id=77166"">77166</a>",mountain pine beetle,"<a href=""https://www.ncbi.nlm.nih.gov/genome/?term=11242"">11242</a>","<a href=""http://www.insect-genome.com/"">InsectBase</a>"
Coleoptera,Curculionidae,Hypothenemus hampei,"<a href=""https://www.ncbi.nlm.nih.gov/Taxonomy/Browser/wwwtax.cgi?id=57062"">57062</a>",coffee berry borer,"<a href=""https://www.ncbi.nlm.nih.gov/genome/?term=38265"">38265</a>","<a href=""http://www.insect-genome.com/"">InsectBase</a>"
Coleoptera,Nitidulidae,Aethina tumida,"<a href=""https://www.ncbi.nlm.nih.gov/Taxonomy/Browser/wwwtax.cgi?id=116153"">116153</a>",small hive beetle,"<a href=""https://www.ncbi.nlm.nih.gov/genome/?term=51711"">51711</a>","<a href=""https://i5k.nal.usda.gov/"">i5k Workspace</a>"
Coleoptera,Scarabaeidae,Onthophagus taurus,"<a href=""https://www.ncbi.nlm.nih.gov/Taxonomy/Browser/wwwtax.cgi?id=166361"">166361</a>",NA,"<a href=""https://www.ncbi.nlm.nih.gov/genome/?term=12827"">12827</a>","<a href=""https://i5k.nal.usda.gov/"">i5k Workspace</a>"
Coleoptera,Scarabaeidae,Oryctes borbonicus,"<a href=""https://www.ncbi.nlm.nih.gov/Taxonomy/Browser/wwwtax.cgi?id=1629725"">1629725</a>",NA,"<a href=""https://www.ncbi.nlm.nih.gov/genome/?term=41561"">41561</a>",
Coleoptera,Silphidae,Nicrophorus vespilloides,"<a href=""https://www.ncbi.nlm.nih.gov/Taxonomy/Browser/wwwtax.cgi?id=110193"">110193</a>",NA,"<a href=""https://www.ncbi.nlm.nih.gov/genome/?term=40824"">40824</a>","<a href=""https://i5k.nal.usda.gov/"">i5k Workspace</a>"
Coleoptera,Tenebrionidae,Tribolium castaneum,"<a href=""https://www.ncbi.nlm.nih.gov/Taxonomy/Browser/wwwtax.cgi?id=7070"">7070</a>",red flour beetle,"<a href=""https://www.ncbi.nlm.nih.gov/genome/?term=216"">216</a>","<a href=""http://www.insect-genome.com/"">InsectBase</a>"
Cyclopoida,Oithonidae,Oithona nana,"<a href=""https://www.ncbi.nlm.nih.gov/Taxonomy/Browser/wwwtax.cgi?id=136191"">136191</a>",NA,"<a href=""https://www.ncbi.nlm.nih.gov/genome/?term=53058"">53058</a>",
Decapoda,Atyidae,Caridina multidentata,"<a href=""https://www.ncbi.nlm.nih.gov/Taxonomy/Browser/wwwtax.cgi?id=293153"">293153</a>",NA,"<a href=""https://www.ncbi.nlm.nih.gov/genome/?term=54074"">54074</a>",
Diplostraca,Daphniidae,Daphnia magna,"<a href=""https://www.ncbi.nlm.nih.gov/Taxonomy/Browser/wwwtax.cgi?id=35525"">35525</a>",NA,"<a href=""https://www.ncbi.nlm.nih.gov/genome/?term=10953"">10953</a>",
Diplostraca,Daphniidae,Daphnia pulex,"<a href=""https://www.ncbi.nlm.nih.gov/Taxonomy/Browser/wwwtax.cgi?id=6669"">6669</a>",common water flea,"<a href=""https://www.ncbi.nlm.nih.gov/genome/?term=288"">288</a>",
Diplura,Japygidae,Catajapyx aquilonaris,"<a href=""https://www.ncbi.nlm.nih.gov/Taxonomy/Browser/wwwtax.cgi?id=438503"">438503</a>",NA,"<a href=""https://www.ncbi.nlm.nih.gov/genome/?term=17772"">17772</a>","<a href=""https://i5k.nal.usda.gov/"">i5k Workspace</a>; <a href=""http://www.insect-genome.com/"">InsectBase</a>"
Diptera,Agromyzidae,Liriomyza trifolii,"<a href=""https://www.ncbi.nlm.nih.gov/Taxonomy/Browser/wwwtax.cgi?id=198433"">198433</a>",celery leafminer; American serpentine leafminer,"<a href=""https://www.ncbi.nlm.nih.gov/genome/?term=16235"">16235</a>",
Diptera,Asilidae,Holcocephala fusca,"<a href=""https://www.ncbi.nlm.nih.gov/Taxonomy/Browser/wwwtax.cgi?id=1577617"">1577617</a>",NA,"<a href=""https://www.ncbi.nlm.nih.gov/genome/?term=38300"">38300</a>",
Diptera,Asilidae,Proctacanthus coquilletti,"<a href=""https://www.ncbi.nlm.nih.gov/Taxonomy/Browser/wwwtax.cgi?id=1717472"">1717472</a>",NA,"<a href=""https://www.ncbi.nlm.nih.gov/genome/?term=51575"">51575</a>",
Diptera,Calliphoridae,Calliphora vicina,"<a href=""https://www.ncbi.nlm.nih.gov/Taxonomy/Browser/wwwtax.cgi?id=7373"">7373</a>",urban bluebottle blowfly,"<a href=""https://www.ncbi.nlm.nih.gov/genome/?term=15677"">15677</a>",
Diptera,Calliphoridae,Lucilia cuprina,"<a href=""https://www.ncbi.nlm.nih.gov/Taxonomy/Browser/wwwtax.cgi?id=7375"">7375</a>",Australian sheep blowfly; greenbottle fly,"<a href=""https://www.ncbi.nlm.nih.gov/genome/?term=12732"">12732</a>","<a href=""http://www.insect-genome.com/"">InsectBase</a>"
Diptera,Calliphoridae,Lucilia sericata,"<a href=""https://www.ncbi.nlm.nih.gov/Taxonomy/Browser/wwwtax.cgi?id=13632"">13632</a>",common green bottle fly; sheep blowfly,"<a href=""https://www.ncbi.nlm.nih.gov/genome/?term=8289"">8289</a>",
Diptera,Calliphoridae,Phormia regina,"<a href=""https://www.ncbi.nlm.nih.gov/Taxonomy/Browser/wwwtax.cgi?id=7380"">7380</a>",black blowfly,"<a href=""https://www.ncbi.nlm.nih.gov/genome/?term=36631"">36631</a>",
Diptera,Cecidomyiidae,Mayetiola destructor,"<a href=""https://www.ncbi.nlm.nih.gov/Taxonomy/Browser/wwwtax.cgi?id=39758"">39758</a>",Hessian fly,"<a href=""https://www.ncbi.nlm.nih.gov/genome/?term=2619"">2619</a>","<a href=""https://i5k.nal.usda.gov/"">i5k Workspace</a>; <a href=""http://www.insect-genome.com/"">InsectBase</a>"
Diptera,Chaoboridae,Chaoborus trivitattus,"<a href=""https://www.ncbi.nlm.nih.gov/Taxonomy/Browser/wwwtax.cgi?id=204567"">204567</a>",NA,"<a href=""https://www.ncbi.nlm.nih.gov/genome/?term=38285"">38285</a>",
Diptera,Chaoboridae,Mochlonyx cinctipes,"<a href=""https://www.ncbi.nlm.nih.gov/Taxonomy/Browser/wwwtax.cgi?id=1577623"">1577623</a>",NA,"<a href=""https://www.ncbi.nlm.nih.gov/genome/?term=38286"">38286</a>",
Diptera,Chironomidae,Belgica antarctica,"<a href=""https://www.ncbi.nlm.nih.gov/Taxonomy/Browser/wwwtax.cgi?id=315563"">315563</a>",NA,"<a href=""https://www.ncbi.nlm.nih.gov/genome/?term=14659"">14659</a>",
Diptera,Chironomidae,Chironomus riparius,"<a href=""https://www.ncbi.nlm.nih.gov/Taxonomy/Browser/wwwtax.cgi?id=315576"">315576</a>",NA,"<a href=""https://www.ncbi.nlm.nih.gov/genome/?term=2978"">2978</a>",
Diptera,Chironomidae,Chironomus tentans,"<a href=""https://www.ncbi.nlm.nih.gov/Taxonomy/Browser/wwwtax.cgi?id=7153"">7153</a>",NA,"<a href=""https://www.ncbi.nlm.nih.gov/genome/?term=35154"">35154</a>","<a href=""http://www.insect-genome.com/"">InsectBase</a>"
Diptera,Chironomidae,Clunio marinus,"<a href=""https://www.ncbi.nlm.nih.gov/Taxonomy/Browser/wwwtax.cgi?id=568069"">568069</a>",NA,"<a href=""https://www.ncbi.nlm.nih.gov/genome/?term=50548"">50548</a>","<a href=""http://cluniobase.cibiv.univie.ac.at/"">ClunioBase</a>"
Diptera,Culicidae,Aedes aegypti,"<a href=""https://www.ncbi.nlm.nih.gov/Taxonomy/Browser/wwwtax.cgi?id=7159"">7159</a>",yellow fever mosquito,"<a href=""https://www.ncbi.nlm.nih.gov/genome/?term=44"">44</a>","<a href=""https://www.vectorbase.org/"">VectorBase</a>; <a href=""http://www.insect-genome.com/"">InsectBase</a>"
Diptera,Culicidae,Aedes albopictus,"<a href=""https://www.ncbi.nlm.nih.gov/Taxonomy/Browser/wwwtax.cgi?id=7160"">7160</a>",Asian tiger mosquito; forest day mosquito,"<a href=""https://www.ncbi.nlm.nih.gov/genome/?term=45"">45</a>","<a href=""https://www.vectorbase.org/"">VectorBase</a>"
Diptera,Culicidae,Anopheles albimanus,"<a href=""https://www.ncbi.nlm.nih.gov/Taxonomy/Browser/wwwtax.cgi?id=7167"">7167</a>",NA,"<a href=""https://www.ncbi.nlm.nih.gov/genome/?term=11556"">11556</a>","<a href=""https://www.vectorbase.org/"">VectorBase</a>; <a href=""http://www.insect-genome.com/"">InsectBase</a>"
Diptera,Culicidae,Anopheles arabiensis,"<a href=""https://www.ncbi.nlm.nih.gov/Taxonomy/Browser/wwwtax.cgi?id=7173"">7173</a>",NA,"<a href=""https://www.ncbi.nlm.nih.gov/genome/?term=11544"">11544</a>","<a href=""https://www.vectorbase.org/"">VectorBase</a>; <a href=""http://www.insect-genome.com/"">InsectBase</a>"
Diptera,Culicidae,Anopheles atroparvus,"<a href=""https://www.ncbi.nlm.nih.gov/Taxonomy/Browser/wwwtax.cgi?id=41427"">41427</a>",NA,"<a href=""https://www.ncbi.nlm.nih.gov/genome/?term=11555"">11555</a>","<a href=""https://www.vectorbase.org/"">VectorBase</a>; <a href=""http://www.insect-genome.com/"">InsectBase</a>"
Diptera,Culicidae,Anopheles christyi,"<a href=""https://www.ncbi.nlm.nih.gov/Taxonomy/Browser/wwwtax.cgi?id=43041"">43041</a>",NA,"<a href=""https://www.ncbi.nlm.nih.gov/genome/?term=11547"">11547</a>","<a href=""https://www.vectorbase.org/"">VectorBase</a>; <a href=""http://www.insect-genome.com/"">InsectBase</a>"
Diptera,Culicidae,Anopheles coluzzii,"<a href=""https://www.ncbi.nlm.nih.gov/Taxonomy/Browser/wwwtax.cgi?id=1518534"">1518534</a>",NA,"<a href=""https://www.ncbi.nlm.nih.gov/genome/?term=41035"">41035</a>","<a href=""https://www.vectorbase.org/"">VectorBase</a>; <a href=""http://www.insect-genome.com/"">InsectBase</a>"
Diptera,Culicidae,Anopheles cracens,"<a href=""https://www.ncbi.nlm.nih.gov/Taxonomy/Browser/wwwtax.cgi?id=123217"">123217</a>",NA,"<a href=""https://www.ncbi.nlm.nih.gov/genome/?term=17028"">17028</a>",
Diptera,Culicidae,Anopheles culicifacies,"<a href=""https://www.ncbi.nlm.nih.gov/Taxonomy/Browser/wwwtax.cgi?id=139723"">139723</a>",NA,"<a href=""https://www.ncbi.nlm.nih.gov/genome/?term=11552"">11552</a>","<a href=""https://www.vectorbase.org/"">VectorBase</a>; <a href=""http://www.insect-genome.com/"">InsectBase</a>"
Diptera,Culicidae,Anopheles darlingi,"<a href=""https://www.ncbi.nlm.nih.gov/Taxonomy/Browser/wwwtax.cgi?id=43151"">43151</a>",American malaria mosquito,"<a href=""https://www.ncbi.nlm.nih.gov/genome/?term=2624"">2624</a>","<a href=""https://www.vectorbase.org/"">VectorBase</a>; <a href=""http://www.insect-genome.com/"">InsectBase</a>"
Diptera,Culicidae,Anopheles dirus,"<a href=""https://www.ncbi.nlm.nih.gov/Taxonomy/Browser/wwwtax.cgi?id=7168"">7168</a>",NA,"<a href=""https://www.ncbi.nlm.nih.gov/genome/?term=11554"">11554</a>","<a href=""https://www.vectorbase.org/"">VectorBase</a>; <a href=""http://www.insect-genome.com/"">InsectBase</a>"
Diptera,Culicidae,Anopheles epiroticus,"<a href=""https://www.ncbi.nlm.nih.gov/Taxonomy/Browser/wwwtax.cgi?id=199890"">199890</a>",NA,"<a href=""https://www.ncbi.nlm.nih.gov/genome/?term=11546"">11546</a>","<a href=""https://www.vectorbase.org/"">VectorBase</a>; <a href=""http://www.insect-genome.com/"">InsectBase</a>"
Diptera,Culicidae,Anopheles farauti,"<a href=""https://www.ncbi.nlm.nih.gov/Taxonomy/Browser/wwwtax.cgi?id=69004"">69004</a>",NA,"<a href=""https://www.ncbi.nlm.nih.gov/genome/?term=11553"">11553</a>","<a href=""https://www.vectorbase.org/"">VectorBase</a>; <a href=""http://www.insect-genome.com/"">InsectBase</a>"
Diptera,Culicidae,Anopheles farauti No. 4,"<a href=""https://www.ncbi.nlm.nih.gov/Taxonomy/Browser/wwwtax.cgi?id=59191"">59191</a>",NA,"<a href=""https://www.ncbi.nlm.nih.gov/genome/?term=17208"">17208</a>",
Diptera,Culicidae,Anopheles funestus,"<a href=""https://www.ncbi.nlm.nih.gov/Taxonomy/Browser/wwwtax.cgi?id=62324"">62324</a>",African malaria mosquito,"<a href=""https://www.ncbi.nlm.nih.gov/genome/?term=2697"">2697</a>","<a href=""https://www.vectorbase.org/"">VectorBase</a>; <a href=""http://www.insect-genome.com/"">InsectBase</a>"
Diptera,Culicidae,Anopheles gambiae,"<a href=""https://www.ncbi.nlm.nih.gov/Taxonomy/Browser/wwwtax.cgi?id=7165"">7165</a>",African malaria mosquito,"<a href=""https://www.ncbi.nlm.nih.gov/genome/?term=46"">46</a>","<a href=""https://www.vectorbase.org/"">VectorBase</a>; <a href=""http://www.insect-genome.com/"">InsectBase</a>"
Diptera,Culicidae,Anopheles koliensis,"<a href=""https://www.ncbi.nlm.nih.gov/Taxonomy/Browser/wwwtax.cgi?id=30065"">30065</a>",NA,"<a href=""https://www.ncbi.nlm.nih.gov/genome/?term=36653"">36653</a>","<a href=""http://www.insect-genome.com/"">InsectBase</a>"
Diptera,Culicidae,Anopheles maculatus,"<a href=""https://www.ncbi.nlm.nih.gov/Taxonomy/Browser/wwwtax.cgi?id=74869"">74869</a>",NA,"<a href=""https://www.ncbi.nlm.nih.gov/genome/?term=11550"">11550</a>","<a href=""http://www.insect-genome.com/"">InsectBase</a>"
Diptera,Culicidae,Anopheles melas,"<a href=""https://www.ncbi.nlm.nih.gov/Taxonomy/Browser/wwwtax.cgi?id=34690"">34690</a>",NA,"<a href=""https://www.ncbi.nlm.nih.gov/genome/?term=11549"">11549</a>","<a href=""https://www.vectorbase.org/"">VectorBase</a>; <a href=""http://www.insect-genome.com/"">InsectBase</a>"
Diptera,Culicidae,Anopheles merus,"<a href=""https://www.ncbi.nlm.nih.gov/Taxonomy/Browser/wwwtax.cgi?id=30066"">30066</a>",NA,"<a href=""https://www.ncbi.nlm.nih.gov/genome/?term=11548"">11548</a>","<a href=""https://www.vectorbase.org/"">VectorBase</a>; <a href=""http://www.insect-genome.com/"">InsectBase</a>"
Diptera,Culicidae,Anopheles minimus,"<a href=""https://www.ncbi.nlm.nih.gov/Taxonomy/Browser/wwwtax.cgi?id=112268"">112268</a>",NA,"<a href=""https://www.ncbi.nlm.nih.gov/genome/?term=11551"">11551</a>","<a href=""https://www.vectorbase.org/"">VectorBase</a>; <a href=""http://www.insect-genome.com/"">InsectBase</a>"
Diptera,Culicidae,Anopheles nili,"<a href=""https://www.ncbi.nlm.nih.gov/Taxonomy/Browser/wwwtax.cgi?id=185578"">185578</a>",NA,"<a href=""https://www.ncbi.nlm.nih.gov/genome/?term=17525"">17525</a>","<a href=""http://www.insect-genome.com/"">InsectBase</a>"
Diptera,Culicidae,Anopheles punctulatus,"<a href=""https://www.ncbi.nlm.nih.gov/Taxonomy/Browser/wwwtax.cgi?id=30068"">30068</a>",NA,"<a href=""https://www.ncbi.nlm.nih.gov/genome/?term=36652"">36652</a>","<a href=""http://www.insect-genome.com/"">InsectBase</a>"
Diptera,Culicidae,Anopheles quadriannulatus,"<a href=""https://www.ncbi.nlm.nih.gov/Taxonomy/Browser/wwwtax.cgi?id=34691"">34691</a>",NA,"<a href=""https://www.ncbi.nlm.nih.gov/genome/?term=11545"">11545</a>","<a href=""http://www.insect-genome.com/"">InsectBase</a>"
Diptera,Culicidae,Anopheles sinensis,"<a href=""https://www.ncbi.nlm.nih.gov/Taxonomy/Browser/wwwtax.cgi?id=74873"">74873</a>",NA,"<a href=""https://www.ncbi.nlm.nih.gov/genome/?term=12170"">12170</a>","<a href=""https://www.vectorbase.org/"">VectorBase</a>; <a href=""https://www.vectorbase.org/"">VectorBase</a>; <a href=""http://www.insect-genome.com/"">InsectBase</a>"
Diptera,Culicidae,Anopheles stephensi,"<a href=""https://www.ncbi.nlm.nih.gov/Taxonomy/Browser/wwwtax.cgi?id=30069"">30069</a>",Asian malaria mosquito,"<a href=""https://www.ncbi.nlm.nih.gov/genome/?term=2653"">2653</a>","<a href=""https://www.vectorbase.org/"">VectorBase</a>; <a href=""https://www.vectorbase.org/"">VectorBase</a>; <a href=""http://www.insect-genome.com/"">InsectBase</a>"
Diptera,Culicidae,Culex quinquefasciatus,"<a href=""https://www.ncbi.nlm.nih.gov/Taxonomy/Browser/wwwtax.cgi?id=7176"">7176</a>",southern house mosquito,"<a href=""https://www.ncbi.nlm.nih.gov/genome/?term=393"">393</a>","<a href=""https://www.vectorbase.org/"">VectorBase</a>; <a href=""http://www.insect-genome.com/"">InsectBase</a>"
Diptera,Diopsidae,Sphyracephala brevicornis,"<a href=""https://www.ncbi.nlm.nih.gov/Taxonomy/Browser/wwwtax.cgi?id=139677"">139677</a>",NA,"<a href=""https://www.ncbi.nlm.nih.gov/genome/?term=38301"">38301</a>",
Diptera,Diopsidae,Teleopsis dalmanni,"<a href=""https://www.ncbi.nlm.nih.gov/Taxonomy/Browser/wwwtax.cgi?id=139649"">139649</a>",NA,"<a href=""https://www.ncbi.nlm.nih.gov/genome/?term=13232"">13232</a>",
Diptera,Dolichopodidae,Condylostylus patibulatus,"<a href=""https://www.ncbi.nlm.nih.gov/Taxonomy/Browser/wwwtax.cgi?id=1577614"">1577614</a>",NA,"<a href=""https://www.ncbi.nlm.nih.gov/genome/?term=38287"">38287</a>",
Diptera,Drosophilidae,Drosophila albomicans,"<a href=""https://www.ncbi.nlm.nih.gov/Taxonomy/Browser/wwwtax.cgi?id=7291"">7291</a>",NA,"<a href=""https://www.ncbi.nlm.nih.gov/genome/?term=2712"">2712</a>","<a href=""http://www.insect-genome.com/"">InsectBase</a>"
Diptera,Drosophilidae,Drosophila americana,"<a href=""https://www.ncbi.nlm.nih.gov/Taxonomy/Browser/wwwtax.cgi?id=40366"">40366</a>",NA,"<a href=""https://www.ncbi.nlm.nih.gov/genome/?term=10917"">10917</a>",
Diptera,Drosophilidae,Drosophila ananassae,"<a href=""https://www.ncbi.nlm.nih.gov/Taxonomy/Browser/wwwtax.cgi?id=7217"">7217</a>",NA,"<a href=""https://www.ncbi.nlm.nih.gov/genome/?term=244"">244</a>","<a href=""http://www.insect-genome.com/"">InsectBase</a>"
Diptera,Drosophilidae,Drosophila arizonae,"<a href=""https://www.ncbi.nlm.nih.gov/Taxonomy/Browser/wwwtax.cgi?id=7263"">7263</a>",NA,"<a href=""https://www.ncbi.nlm.nih.gov/genome/?term=45090"">45090</a>",
Diptera,Drosophilidae,Drosophila biarmipes,"<a href=""https://www.ncbi.nlm.nih.gov/Taxonomy/Browser/wwwtax.cgi?id=125945"">125945</a>",NA,"<a href=""https://www.ncbi.nlm.nih.gov/genome/?term=3499"">3499</a>","<a href=""https://i5k.nal.usda.gov/"">i5k Workspace</a>; <a href=""http://www.insect-genome.com/"">InsectBase</a>"
Diptera,Drosophilidae,Drosophila bipectinata,"<a href=""https://www.ncbi.nlm.nih.gov/Taxonomy/Browser/wwwtax.cgi?id=42026"">42026</a>",NA,"<a href=""https://www.ncbi.nlm.nih.gov/genome/?term=3489"">3489</a>","<a href=""https://i5k.nal.usda.gov/"">i5k Workspace</a>; <a href=""http://www.insect-genome.com/"">InsectBase</a>"
Diptera,Drosophilidae,Drosophila busckii,"<a href=""https://www.ncbi.nlm.nih.gov/Taxonomy/Browser/wwwtax.cgi?id=30019"">30019</a>",NA,"<a href=""https://www.ncbi.nlm.nih.gov/genome/?term=38276"">38276</a>",
Diptera,Drosophilidae,Drosophila elegans,"<a href=""https://www.ncbi.nlm.nih.gov/Taxonomy/Browser/wwwtax.cgi?id=30023"">30023</a>",NA,"<a href=""https://www.ncbi.nlm.nih.gov/genome/?term=3490"">3490</a>","<a href=""https://i5k.nal.usda.gov/"">i5k Workspace</a>; <a href=""http://www.insect-genome.com/"">InsectBase</a>"
Diptera,Drosophilidae,Drosophila erecta,"<a href=""https://www.ncbi.nlm.nih.gov/Taxonomy/Browser/wwwtax.cgi?id=7220"">7220</a>",NA,"<a href=""https://www.ncbi.nlm.nih.gov/genome/?term=250"">250</a>","<a href=""http://www.insect-genome.com/"">InsectBase</a>"
Diptera,Drosophilidae,Drosophila eugracilis,"<a href=""https://www.ncbi.nlm.nih.gov/Taxonomy/Browser/wwwtax.cgi?id=29029"">29029</a>",NA,"<a href=""https://www.ncbi.nlm.nih.gov/genome/?term=6863"">6863</a>","<a href=""https://i5k.nal.usda.gov/"">i5k Workspace</a>; <a href=""http://www.insect-genome.com/"">InsectBase</a>"
Diptera,Drosophilidae,Drosophila ficusphila,"<a href=""https://www.ncbi.nlm.nih.gov/Taxonomy/Browser/wwwtax.cgi?id=30025"">30025</a>",NA,"<a href=""https://www.ncbi.nlm.nih.gov/genome/?term=3491"">3491</a>","<a href=""https://i5k.nal.usda.gov/"">i5k Workspace</a>; <a href=""http://www.insect-genome.com/"">InsectBase</a>"
Diptera,Drosophilidae,Drosophila grimshawi,"<a href=""https://www.ncbi.nlm.nih.gov/Taxonomy/Browser/wwwtax.cgi?id=7222"">7222</a>",NA,"<a href=""https://www.ncbi.nlm.nih.gov/genome/?term=257"">257</a>","<a href=""http://www.insect-genome.com/"">InsectBase</a>"
Diptera,Drosophilidae,Drosophila kikkawai,"<a href=""https://www.ncbi.nlm.nih.gov/Taxonomy/Browser/wwwtax.cgi?id=30033"">30033</a>",NA,"<a href=""https://www.ncbi.nlm.nih.gov/genome/?term=3492"">3492</a>","<a href=""https://i5k.nal.usda.gov/"">i5k Workspace</a>; <a href=""http://www.insect-genome.com/"">InsectBase</a>"
Diptera,Drosophilidae,Drosophila melanogaster,"<a href=""https://www.ncbi.nlm.nih.gov/Taxonomy/Browser/wwwtax.cgi?id=7227"">7227</a>",fruit fly,"<a href=""https://www.ncbi.nlm.nih.gov/genome/?term=47"">47</a>","<a href=""http://www.insect-genome.com/"">InsectBase</a>"
Diptera,Drosophilidae,Drosophila miranda,"<a href=""https://www.ncbi.nlm.nih.gov/Taxonomy/Browser/wwwtax.cgi?id=7229"">7229</a>",NA,"<a href=""https://www.ncbi.nlm.nih.gov/genome/?term=10915"">10915</a>",
Diptera,Drosophilidae,Drosophila mojavensis,"<a href=""https://www.ncbi.nlm.nih.gov/Taxonomy/Browser/wwwtax.cgi?id=7230"">7230</a>",NA,"<a href=""https://www.ncbi.nlm.nih.gov/genome/?term=259"">259</a>","<a href=""http://www.insect-genome.com/"">InsectBase</a>"
Diptera,Drosophilidae,Drosophila navojoa,"<a href=""https://www.ncbi.nlm.nih.gov/Taxonomy/Browser/wwwtax.cgi?id=7232"">7232</a>",NA,"<a href=""https://www.ncbi.nlm.nih.gov/genome/?term=45091"">45091</a>",
Diptera,Drosophilidae,Drosophila persimilis,"<a href=""https://www.ncbi.nlm.nih.gov/Taxonomy/Browser/wwwtax.cgi?id=7234"">7234</a>",NA,"<a href=""https://www.ncbi.nlm.nih.gov/genome/?term=265"">265</a>","<a href=""http://www.insect-genome.com/"">InsectBase</a>"
Diptera,Drosophilidae,Drosophila pseudoobscura,"<a href=""https://www.ncbi.nlm.nih.gov/Taxonomy/Browser/wwwtax.cgi?id=7237"">7237</a>",NA,"<a href=""https://www.ncbi.nlm.nih.gov/genome/?term=219"">219</a>","<a href=""http://www.insect-genome.com/"">InsectBase</a>"
Diptera,Drosophilidae,Drosophila rhopaloa,"<a href=""https://www.ncbi.nlm.nih.gov/Taxonomy/Browser/wwwtax.cgi?id=1041015"">1041015</a>",NA,"<a href=""https://www.ncbi.nlm.nih.gov/genome/?term=6853"">6853</a>","<a href=""https://i5k.nal.usda.gov/"">i5k Workspace</a>; <a href=""http://www.insect-genome.com/"">InsectBase</a>"
Diptera,Drosophilidae,Drosophila sechellia,"<a href=""https://www.ncbi.nlm.nih.gov/Taxonomy/Browser/wwwtax.cgi?id=7238"">7238</a>",NA,"<a href=""https://www.ncbi.nlm.nih.gov/genome/?term=271"">271</a>","<a href=""http://www.insect-genome.com/"">InsectBase</a>"
Diptera,Drosophilidae,Drosophila serrata,"<a href=""https://www.ncbi.nlm.nih.gov/Taxonomy/Browser/wwwtax.cgi?id=7274"">7274</a>",NA,"<a href=""https://www.ncbi.nlm.nih.gov/genome/?term=17008"">17008</a>",
Diptera,Drosophilidae,Drosophila simulans,"<a href=""https://www.ncbi.nlm.nih.gov/Taxonomy/Browser/wwwtax.cgi?id=7240"">7240</a>",NA,"<a href=""https://www.ncbi.nlm.nih.gov/genome/?term=200"">200</a>","<a href=""http://www.insect-genome.com/"">InsectBase</a>"
Diptera,Drosophilidae,Drosophila suzukii,"<a href=""https://www.ncbi.nlm.nih.gov/Taxonomy/Browser/wwwtax.cgi?id=28584"">28584</a>",NA,"<a href=""https://www.ncbi.nlm.nih.gov/genome/?term=18317"">18317</a>","<a href=""http://www.insect-genome.com/"">InsectBase</a>"
Diptera,Drosophilidae,Drosophila takahashii,"<a href=""https://www.ncbi.nlm.nih.gov/Taxonomy/Browser/wwwtax.cgi?id=29030"">29030</a>",NA,"<a href=""https://www.ncbi.nlm.nih.gov/genome/?term=3493"">3493</a>","<a href=""https://i5k.nal.usda.gov/"">i5k Workspace</a>; <a href=""http://www.insect-genome.com/"">InsectBase</a>"
Diptera,Drosophilidae,Drosophila virilis,"<a href=""https://www.ncbi.nlm.nih.gov/Taxonomy/Browser/wwwtax.cgi?id=7244"">7244</a>",NA,"<a href=""https://www.ncbi.nlm.nih.gov/genome/?term=261"">261</a>","<a href=""http://www.insect-genome.com/"">InsectBase</a>"
Diptera,Drosophilidae,Drosophila willistoni,"<a href=""https://www.ncbi.nlm.nih.gov/Taxonomy/Browser/wwwtax.cgi?id=7260"">7260</a>",NA,"<a href=""https://www.ncbi.nlm.nih.gov/genome/?term=251"">251</a>","<a href=""http://www.insect-genome.com/"">InsectBase</a>"
Diptera,Drosophilidae,Drosophila yakuba,"<a href=""https://www.ncbi.nlm.nih.gov/Taxonomy/Browser/wwwtax.cgi?id=7245"">7245</a>",NA,"<a href=""https://www.ncbi.nlm.nih.gov/genome/?term=148"">148</a>","<a href=""http://www.insect-genome.com/"">InsectBase</a>"
Diptera,Drosophilidae,Phortica variegata,"<a href=""https://www.ncbi.nlm.nih.gov/Taxonomy/Browser/wwwtax.cgi?id=462259"">462259</a>",NA,"<a href=""https://www.ncbi.nlm.nih.gov/genome/?term=38277"">38277</a>",
Diptera,Drosophilidae,Scaptodrosophila lebanonensis,"<a href=""https://www.ncbi.nlm.nih.gov/Taxonomy/Browser/wwwtax.cgi?id=7225"">7225</a>",NA,"<a href=""https://www.ncbi.nlm.nih.gov/genome/?term=38279"">38279</a>",
Diptera,Drosophilidae,Zaprionus indianus,"<a href=""https://www.ncbi.nlm.nih.gov/Taxonomy/Browser/wwwtax.cgi?id=76712"">76712</a>",NA,"<a href=""https://www.ncbi.nlm.nih.gov/genome/?term=46538"">46538</a>",
Diptera,Ephydridae,Cirrula hians,"<a href=""https://www.ncbi.nlm.nih.gov/Taxonomy/Browser/wwwtax.cgi?id=1577616"">1577616</a>",NA,"<a href=""https://www.ncbi.nlm.nih.gov/genome/?term=38296"">38296</a>",
Diptera,Ephydridae,Ephydra gracilis,"<a href=""https://www.ncbi.nlm.nih.gov/Taxonomy/Browser/wwwtax.cgi?id=1577615"">1577615</a>",NA,"<a href=""https://www.ncbi.nlm.nih.gov/genome/?term=38282"">38282</a>",
Diptera,Glossinidae,Glossina austeni,"<a href=""https://www.ncbi.nlm.nih.gov/Taxonomy/Browser/wwwtax.cgi?id=7395"">7395</a>",tsetse fly,"<a href=""https://www.ncbi.nlm.nih.gov/genome/?term=16689"">16689</a>","<a href=""https://www.vectorbase.org/"">VectorBase</a>; <a href=""http://www.insect-genome.com/"">InsectBase</a>"
Diptera,Glossinidae,Glossina brevipalpis,"<a href=""https://www.ncbi.nlm.nih.gov/Taxonomy/Browser/wwwtax.cgi?id=37001"">37001</a>",tsetse fly,"<a href=""https://www.ncbi.nlm.nih.gov/genome/?term=15576"">15576</a>","<a href=""https://www.vectorbase.org/"">VectorBase</a>; <a href=""http://www.insect-genome.com/"">InsectBase</a>"
Diptera,Glossinidae,Glossina fuscipes,"<a href=""https://www.ncbi.nlm.nih.gov/Taxonomy/Browser/wwwtax.cgi?id=7396"">7396</a>",tsetse fly,"<a href=""https://www.ncbi.nlm.nih.gov/genome/?term=15034"">15034</a>","<a href=""https://www.vectorbase.org/"">VectorBase</a>; <a href=""http://www.insect-genome.com/"">InsectBase</a>"
Diptera,Glossinidae,Glossina morsitans,"<a href=""https://www.ncbi.nlm.nih.gov/Taxonomy/Browser/wwwtax.cgi?id=7394"">7394</a>",tsetse fly,"<a href=""https://www.ncbi.nlm.nih.gov/genome/?term=55"">55</a>","<a href=""https://www.vectorbase.org/"">VectorBase</a>; <a href=""http://www.insect-genome.com/"">InsectBase</a>"
Diptera,Glossinidae,Glossina pallidipes,"<a href=""https://www.ncbi.nlm.nih.gov/Taxonomy/Browser/wwwtax.cgi?id=7398"">7398</a>",tsetse fly,"<a href=""https://www.ncbi.nlm.nih.gov/genome/?term=15956"">15956</a>","<a href=""https://www.vectorbase.org/"">VectorBase</a>; <a href=""http://www.insect-genome.com/"">InsectBase</a>"
Diptera,Glossinidae,Glossina palpalis,"<a href=""https://www.ncbi.nlm.nih.gov/Taxonomy/Browser/wwwtax.cgi?id=7397"">7397</a>",tsetse fly,"<a href=""https://www.ncbi.nlm.nih.gov/genome/?term=15033"">15033</a>","<a href=""https://www.vectorbase.org/"">VectorBase</a>; <a href=""http://www.insect-genome.com/"">InsectBase</a>"
Diptera,Muscidae,Musca domestica,"<a href=""https://www.ncbi.nlm.nih.gov/Taxonomy/Browser/wwwtax.cgi?id=7370"">7370</a>",house fly,"<a href=""https://www.ncbi.nlm.nih.gov/genome/?term=14461"">14461</a>","<a href=""https://www.vectorbase.org/"">VectorBase</a>; <a href=""http://www.insect-genome.com/"">InsectBase</a>"
Diptera,Muscidae,Stomoxys calcitrans,"<a href=""https://www.ncbi.nlm.nih.gov/Taxonomy/Browser/wwwtax.cgi?id=35570"">35570</a>",stable fly; biting house fly,"<a href=""https://www.ncbi.nlm.nih.gov/genome/?term=11278"">11278</a>","<a href=""https://www.vectorbase.org/"">VectorBase</a>; <a href=""http://www.insect-genome.com/"">InsectBase</a>"
Diptera,Phoridae,Megaselia abdita,"<a href=""https://www.ncbi.nlm.nih.gov/Taxonomy/Browser/wwwtax.cgi?id=88686"">88686</a>",NA,"<a href=""https://www.ncbi.nlm.nih.gov/genome/?term=38299"">38299</a>",
Diptera,Phoridae,Megaselia scalaris,"<a href=""https://www.ncbi.nlm.nih.gov/Taxonomy/Browser/wwwtax.cgi?id=36166"">36166</a>",NA,"<a href=""https://www.ncbi.nlm.nih.gov/genome/?term=15767"">15767</a>","<a href=""http://www.insect-genome.com/"">InsectBase</a>"
Diptera,Psychodidae,Clogmia albipunctata,"<a href=""https://www.ncbi.nlm.nih.gov/Taxonomy/Browser/wwwtax.cgi?id=85120"">85120</a>",mothmidge,"<a href=""https://www.ncbi.nlm.nih.gov/genome/?term=38294"">38294</a>",
Diptera,Psychodidae,Lutzomyia longipalpis,"<a href=""https://www.ncbi.nlm.nih.gov/Taxonomy/Browser/wwwtax.cgi?id=7200"">7200</a>",NA,"<a href=""https://www.ncbi.nlm.nih.gov/genome/?term=758"">758</a>","<a href=""https://www.vectorbase.org/"">VectorBase</a>; <a href=""http://www.insect-genome.com/"">InsectBase</a>"
Diptera,Psychodidae,Phlebotomus papatasi,"<a href=""https://www.ncbi.nlm.nih.gov/Taxonomy/Browser/wwwtax.cgi?id=29031"">29031</a>",NA,"<a href=""https://www.ncbi.nlm.nih.gov/genome/?term=10999"">10999</a>","<a href=""https://www.vectorbase.org/"">VectorBase</a>; <a href=""http://www.insect-genome.com/"">InsectBase</a>"
Diptera,Sarcophagidae,Neobellieria bullata,"<a href=""https://www.ncbi.nlm.nih.gov/Taxonomy/Browser/wwwtax.cgi?id=7385"">7385</a>",grey fleshfly,"<a href=""https://www.ncbi.nlm.nih.gov/genome/?term=13341"">13341</a>",
Diptera,Sarcophagidae,Sarcophagidae sp. BV-2014,"<a href=""https://www.ncbi.nlm.nih.gov/Taxonomy/Browser/wwwtax.cgi?id=1577618"">1577618</a>",NA,"<a href=""https://www.ncbi.nlm.nih.gov/genome/?term=40370"">40370</a>",
Diptera,Scatopsidae,Coboldia fuscipes,"<a href=""https://www.ncbi.nlm.nih.gov/Taxonomy/Browser/wwwtax.cgi?id=170625"">170625</a>",NA,"<a href=""https://www.ncbi.nlm.nih.gov/genome/?term=38275"">38275</a>",
Diptera,Sepsidae,Themira minor,"<a href=""https://www.ncbi.nlm.nih.gov/Taxonomy/Browser/wwwtax.cgi?id=292402"">292402</a>",NA,"<a href=""https://www.ncbi.nlm.nih.gov/genome/?term=38280"">38280</a>",
Diptera,Stratiomyidae,Hermetia illucens,"<a href=""https://www.ncbi.nlm.nih.gov/Taxonomy/Browser/wwwtax.cgi?id=343691"">343691</a>",NA,"<a href=""https://www.ncbi.nlm.nih.gov/genome/?term=38288"">38288</a>",
Diptera,Syrphidae,Eristalis dimidiata,"<a href=""https://www.ncbi.nlm.nih.gov/Taxonomy/Browser/wwwtax.cgi?id=1352481"">1352481</a>",NA,"<a href=""https://www.ncbi.nlm.nih.gov/genome/?term=38298"">38298</a>",
Diptera,Tephritidae,Bactrocera cucurbitae,"<a href=""https://www.ncbi.nlm.nih.gov/Taxonomy/Browser/wwwtax.cgi?id=28588"">28588</a>",melon fly; melon fruit fly,"<a href=""https://www.ncbi.nlm.nih.gov/genome/?term=11807"">11807</a>","<a href=""https://i5k.nal.usda.gov/"">i5k Workspace</a>; <a href=""http://www.insect-genome.com/"">InsectBase</a>"
Diptera,Tephritidae,Bactrocera dorsalis,"<a href=""https://www.ncbi.nlm.nih.gov/Taxonomy/Browser/wwwtax.cgi?id=27457"">27457</a>",oriental fruit fly,"<a href=""https://www.ncbi.nlm.nih.gov/genome/?term=10754"">10754</a>","<a href=""https://i5k.nal.usda.gov/"">i5k Workspace</a>; <a href=""http://www.insect-genome.com/"">InsectBase</a>"
Diptera,Tephritidae,Bactrocera latifrons,"<a href=""https://www.ncbi.nlm.nih.gov/Taxonomy/Browser/wwwtax.cgi?id=174628"">174628</a>",NA,"<a href=""https://www.ncbi.nlm.nih.gov/genome/?term=43857"">43857</a>",
Diptera,Tephritidae,Bactrocera oleae,"<a href=""https://www.ncbi.nlm.nih.gov/Taxonomy/Browser/wwwtax.cgi?id=104688"">104688</a>",olive fruit fly; olive fly,"<a href=""https://www.ncbi.nlm.nih.gov/genome/?term=17298"">17298</a>","<a href=""https://i5k.nal.usda.gov/"">i5k Workspace</a>"
Diptera,Tephritidae,Bactrocera tryoni,"<a href=""https://www.ncbi.nlm.nih.gov/Taxonomy/Browser/wwwtax.cgi?id=59916"">59916</a>",Queensland fruit fly,"<a href=""https://www.ncbi.nlm.nih.gov/genome/?term=15403"">15403</a>","<a href=""http://www.insect-genome.com/"">InsectBase</a>"
Diptera,Tephritidae,Ceratitis capitata,"<a href=""https://www.ncbi.nlm.nih.gov/Taxonomy/Browser/wwwtax.cgi?id=7213"">7213</a>",Mediterranean fruit fly,"<a href=""https://www.ncbi.nlm.nih.gov/genome/?term=2738"">2738</a>","<a href=""https://i5k.nal.usda.gov/"">i5k Workspace</a>; <a href=""http://www.insect-genome.com/"">InsectBase</a>"
Diptera,Tephritidae,Eutreta diana,"<a href=""https://www.ncbi.nlm.nih.gov/Taxonomy/Browser/wwwtax.cgi?id=1577624"">1577624</a>",NA,"<a href=""https://www.ncbi.nlm.nih.gov/genome/?term=38297"">38297</a>",
Diptera,Tephritidae,Rhagoletis zephyria,"<a href=""https://www.ncbi.nlm.nih.gov/Taxonomy/Browser/wwwtax.cgi?id=28612"">28612</a>",snowberry fruit fly; snowberry maggot,"<a href=""https://www.ncbi.nlm.nih.gov/genome/?term=45568"">45568</a>",
Diptera,Tephritidae,Tephritis californica,"<a href=""https://www.ncbi.nlm.nih.gov/Taxonomy/Browser/wwwtax.cgi?id=594049"">594049</a>",NA,"<a href=""https://www.ncbi.nlm.nih.gov/genome/?term=38315"">38315</a>",
Diptera,Tephritidae,Trupanea jonesi,"<a href=""https://www.ncbi.nlm.nih.gov/Taxonomy/Browser/wwwtax.cgi?id=1582032"">1582032</a>",NA,"<a href=""https://www.ncbi.nlm.nih.gov/genome/?term=38283"">38283</a>",
Diptera,Tipulidae,Tipula oleracea,"<a href=""https://www.ncbi.nlm.nih.gov/Taxonomy/Browser/wwwtax.cgi?id=312236"">312236</a>",NA,"<a href=""https://www.ncbi.nlm.nih.gov/genome/?term=38316"">38316</a>",
Diptera,Trichoceridae,Trichoceridae sp. BV-2014,"<a href=""https://www.ncbi.nlm.nih.gov/Taxonomy/Browser/wwwtax.cgi?id=1577620"">1577620</a>",NA,"<a href=""https://www.ncbi.nlm.nih.gov/genome/?term=38278"">38278</a>",
Ephemeroptera,Baetidae,Baetis rhodani,"<a href=""https://www.ncbi.nlm.nih.gov/Taxonomy/Browser/wwwtax.cgi?id=189839"">189839</a>",NA,"<a href=""https://www.ncbi.nlm.nih.gov/genome/?term=45287"">45287</a>",
Ephemeroptera,Ephemeridae,Ephemera danica,"<a href=""https://www.ncbi.nlm.nih.gov/Taxonomy/Browser/wwwtax.cgi?id=1049336"">1049336</a>",NA,"<a href=""https://www.ncbi.nlm.nih.gov/genome/?term=14601"">14601</a>","<a href=""https://i5k.nal.usda.gov/"">i5k Workspace</a>; <a href=""http://www.insect-genome.com/"">InsectBase</a>"
Geophilomorpha,Linotaeniidae,Strigamia maritima,"<a href=""https://www.ncbi.nlm.nih.gov/Taxonomy/Browser/wwwtax.cgi?id=126957"">126957</a>",NA,"<a href=""https://www.ncbi.nlm.nih.gov/genome/?term=790"">790</a>",
Hemiptera,Aleyrodidae,Bemisia tabaci,"<a href=""https://www.ncbi.nlm.nih.gov/Taxonomy/Browser/wwwtax.cgi?id=7038"">7038</a>",sweet potato whitefly,"<a href=""https://www.ncbi.nlm.nih.gov/genome/?term=676"">676</a>",
Hemiptera,Aphididae,Acyrthosiphon pisum,"<a href=""https://www.ncbi.nlm.nih.gov/Taxonomy/Browser/wwwtax.cgi?id=7029"">7029</a>",pea aphid,"<a href=""https://www.ncbi.nlm.nih.gov/genome/?term=448"">448</a>","<a href=""http://bipaa.genouest.org/is/aphidbase/"">AphidBase</a>; <a href=""http://www.insect-genome.com/"">InsectBase</a>"
Hemiptera,Aphididae,Diuraphis noxia,"<a href=""https://www.ncbi.nlm.nih.gov/Taxonomy/Browser/wwwtax.cgi?id=143948"">143948</a>",Russian wheat aphid,"<a href=""https://www.ncbi.nlm.nih.gov/genome/?term=24062"">24062</a>",
Hemiptera,Aphididae,Myzus persicae,"<a href=""https://www.ncbi.nlm.nih.gov/Taxonomy/Browser/wwwtax.cgi?id=13164"">13164</a>",green peach aphid,"<a href=""https://www.ncbi.nlm.nih.gov/genome/?term=2741"">2741</a>","<a href=""http://bipaa.genouest.org/is/aphidbase/"">AphidBase</a>"
Hemiptera,Cicadellidae,Homalodisca vitripennis,"<a href=""https://www.ncbi.nlm.nih.gov/Taxonomy/Browser/wwwtax.cgi?id=197043"">197043</a>",NA,"<a href=""https://www.ncbi.nlm.nih.gov/genome/?term=13454"">13454</a>","<a href=""https://i5k.nal.usda.gov/"">i5k Workspace</a>; <a href=""http://www.insect-genome.com/"">InsectBase</a>"
Hemiptera,Cimicidae,Cimex hemipterus,"<a href=""https://www.ncbi.nlm.nih.gov/Taxonomy/Browser/wwwtax.cgi?id=757355"">757355</a>",NA,"<a href=""https://www.ncbi.nlm.nih.gov/genome/?term=45190"">45190</a>",
Hemiptera,Cimicidae,Cimex lectularius,"<a href=""https://www.ncbi.nlm.nih.gov/Taxonomy/Browser/wwwtax.cgi?id=79782"">79782</a>",bed bug,"<a href=""https://www.ncbi.nlm.nih.gov/genome/?term=11279"">11279</a>","<a href=""https://i5k.nal.usda.gov/"">i5k Workspace</a>; <a href=""https://www.vectorbase.org/"">VectorBase</a>; <a href=""http://www.insect-genome.com/"">InsectBase</a>"
Hemiptera,Dactylopiidae,Dactylopius coccus,"<a href=""https://www.ncbi.nlm.nih.gov/Taxonomy/Browser/wwwtax.cgi?id=765876"">765876</a>",NA,"<a href=""https://www.ncbi.nlm.nih.gov/genome/?term=36092"">36092</a>","<a href=""http://www.insect-genome.com/"">InsectBase</a>"
Hemiptera,Delphacidae,Nilaparvata lugens,"<a href=""https://www.ncbi.nlm.nih.gov/Taxonomy/Browser/wwwtax.cgi?id=108931"">108931</a>",brown planthopper,"<a href=""https://www.ncbi.nlm.nih.gov/genome/?term=2941"">2941</a>","<a href=""http://www.insect-genome.com/"">InsectBase</a>"
Hemiptera,Gerridae,Gerris buenoi,"<a href=""https://www.ncbi.nlm.nih.gov/Taxonomy/Browser/wwwtax.cgi?id=56086"">56086</a>",NA,"<a href=""https://www.ncbi.nlm.nih.gov/genome/?term=17730"">17730</a>","<a href=""https://i5k.nal.usda.gov/"">i5k Workspace</a>; <a href=""http://www.insect-genome.com/"">InsectBase</a>"
Hemiptera,Lygaeidae,Oncopeltus fasciatus,"<a href=""https://www.ncbi.nlm.nih.gov/Taxonomy/Browser/wwwtax.cgi?id=7536"">7536</a>",milkweed bug,"<a href=""https://www.ncbi.nlm.nih.gov/genome/?term=11434"">11434</a>","<a href=""https://i5k.nal.usda.gov/"">i5k Workspace</a>; <a href=""http://www.insect-genome.com/"">InsectBase</a>"
Hemiptera,Pentatomidae,Halyomorpha halys,"<a href=""https://www.ncbi.nlm.nih.gov/Taxonomy/Browser/wwwtax.cgi?id=286706"">286706</a>",brown marmorated stink bug; East Asian stink bug,"<a href=""https://www.ncbi.nlm.nih.gov/genome/?term=14101"">14101</a>","<a href=""https://i5k.nal.usda.gov/"">i5k Workspace</a>; <a href=""http://www.insect-genome.com/"">InsectBase</a>"
Hemiptera,Pentatomidae,Piezodorus guildinii,"<a href=""https://www.ncbi.nlm.nih.gov/Taxonomy/Browser/wwwtax.cgi?id=437484"">437484</a>",redbanded stink bug; small green stink bug,"<a href=""https://www.ncbi.nlm.nih.gov/genome/?term=34914"">34914</a>","<a href=""http://www.insect-genome.com/"">InsectBase</a>"
Hemiptera,Pseudococcidae,Ferrisia virgata,"<a href=""https://www.ncbi.nlm.nih.gov/Taxonomy/Browser/wwwtax.cgi?id=223228"">223228</a>",striped mealybug,"<a href=""https://www.ncbi.nlm.nih.gov/genome/?term=44261"">44261</a>",
Hemiptera,Pseudococcidae,Maconellicoccus hirsutus,"<a href=""https://www.ncbi.nlm.nih.gov/Taxonomy/Browser/wwwtax.cgi?id=177089"">177089</a>",hibiscus mealybug; pink hibiscus mealybug; pink mealybug,"<a href=""https://www.ncbi.nlm.nih.gov/genome/?term=44264"">44264</a>",
Hemiptera,Pseudococcidae,Paracoccus marginatus,"<a href=""https://www.ncbi.nlm.nih.gov/Taxonomy/Browser/wwwtax.cgi?id=252483"">252483</a>",NA,"<a href=""https://www.ncbi.nlm.nih.gov/genome/?term=44262"">44262</a>",
Hemiptera,Pseudococcidae,Pseudococcus longispinus,"<a href=""https://www.ncbi.nlm.nih.gov/Taxonomy/Browser/wwwtax.cgi?id=13233"">13233</a>",NA,"<a href=""https://www.ncbi.nlm.nih.gov/genome/?term=44263"">44263</a>",
Hemiptera,Pseudococcidae,Trabutina mannipara,"<a href=""https://www.ncbi.nlm.nih.gov/Taxonomy/Browser/wwwtax.cgi?id=490976"">490976</a>",NA,"<a href=""https://www.ncbi.nlm.nih.gov/genome/?term=45609"">45609</a>",
Hemiptera,Pseudococcidae,Trionymus perrisii,"<a href=""https://www.ncbi.nlm.nih.gov/Taxonomy/Browser/wwwtax.cgi?id=1295211"">1295211</a>",NA,"<a href=""https://www.ncbi.nlm.nih.gov/genome/?term=44268"">44268</a>",
Hemiptera,Psyllidae,Diaphorina citri,"<a href=""https://www.ncbi.nlm.nih.gov/Taxonomy/Browser/wwwtax.cgi?id=121845"">121845</a>",Asian citrus psyllid,"<a href=""https://www.ncbi.nlm.nih.gov/genome/?term=867"">867</a>","<a href=""https://i5k.nal.usda.gov/"">i5k Workspace</a>; <a href=""http://www.insect-genome.com/"">InsectBase</a>"
Hemiptera,Psyllidae,Pachypsylla venusta,"<a href=""https://www.ncbi.nlm.nih.gov/Taxonomy/Browser/wwwtax.cgi?id=38123"">38123</a>",hackberry petiole gall psyllid,"<a href=""https://www.ncbi.nlm.nih.gov/genome/?term=14032"">14032</a>","<a href=""https://i5k.nal.usda.gov/"">i5k Workspace</a>; <a href=""http://www.insect-genome.com/"">InsectBase</a>"
Hemiptera,Reduviidae,Rhodnius prolixus,"<a href=""https://www.ncbi.nlm.nih.gov/Taxonomy/Browser/wwwtax.cgi?id=13249"">13249</a>",NA,"<a href=""https://www.ncbi.nlm.nih.gov/genome/?term=447"">447</a>","<a href=""https://www.vectorbase.org/"">VectorBase</a>; <a href=""http://www.insect-genome.com/"">InsectBase</a>"
Hymenoptera,Agaonidae,Ceratosolen solmsi,"<a href=""https://www.ncbi.nlm.nih.gov/Taxonomy/Browser/wwwtax.cgi?id=142686"">142686</a>",NA,"<a href=""https://www.ncbi.nlm.nih.gov/genome/?term=23331"">23331</a>","<a href=""http://www.insect-genome.com/"">InsectBase</a>"
Hymenoptera,Apidae,Apis cerana,"<a href=""https://www.ncbi.nlm.nih.gov/Taxonomy/Browser/wwwtax.cgi?id=7461"">7461</a>",Asiatic honeybee; Eastern honeybee; Indian honeybee; oriental honeybee,"<a href=""https://www.ncbi.nlm.nih.gov/genome/?term=12051"">12051</a>",
Hymenoptera,Apidae,Apis dorsata,"<a href=""https://www.ncbi.nlm.nih.gov/Taxonomy/Browser/wwwtax.cgi?id=7462"">7462</a>",giant honeybee; rock honeybee,"<a href=""https://www.ncbi.nlm.nih.gov/genome/?term=15019"">15019</a>","<a href=""http://hymenopteragenome.org/"">Hymenoptera Genome Database</a>; <a href=""http://www.insect-genome.com/"">InsectBase</a>"
Hymenoptera,Apidae,Apis florea,"<a href=""https://www.ncbi.nlm.nih.gov/Taxonomy/Browser/wwwtax.cgi?id=7463"">7463</a>",little honeybee; dwarf honeybee,"<a href=""https://www.ncbi.nlm.nih.gov/genome/?term=2740"">2740</a>","<a href=""http://hymenopteragenome.org/"">Hymenoptera Genome Database</a>; <a href=""http://www.insect-genome.com/"">InsectBase</a>"
Hymenoptera,Apidae,Apis mellifera,"<a href=""https://www.ncbi.nlm.nih.gov/Taxonomy/Browser/wwwtax.cgi?id=7460"">7460</a>",honey bee; European honey bee; Western honey bee; bee; honeybee,"<a href=""https://www.ncbi.nlm.nih.gov/genome/?term=48"">48</a>","<a href=""http://hymenopteragenome.org/"">Hymenoptera Genome Database</a>; <a href=""http://www.insect-genome.com/"">InsectBase</a>"
Hymenoptera,Apidae,Bombus impatiens,"<a href=""https://www.ncbi.nlm.nih.gov/Taxonomy/Browser/wwwtax.cgi?id=132113"">132113</a>",common eastern bumble bee,"<a href=""https://www.ncbi.nlm.nih.gov/genome/?term=3415"">3415</a>","<a href=""http://hymenopteragenome.org/"">Hymenoptera Genome Database</a>; <a href=""http://www.insect-genome.com/"">InsectBase</a>"
Hymenoptera,Apidae,Bombus terrestris,"<a href=""https://www.ncbi.nlm.nih.gov/Taxonomy/Browser/wwwtax.cgi?id=30195"">30195</a>",large earth bumblebee,"<a href=""https://www.ncbi.nlm.nih.gov/genome/?term=2739"">2739</a>","<a href=""http://hymenopteragenome.org/"">Hymenoptera Genome Database</a>; <a href=""http://www.insect-genome.com/"">InsectBase</a>"
Hymenoptera,Apidae,Ceratina calcarata,"<a href=""https://www.ncbi.nlm.nih.gov/Taxonomy/Browser/wwwtax.cgi?id=156304"">156304</a>",NA,"<a href=""https://www.ncbi.nlm.nih.gov/genome/?term=45025"">45025</a>",
Hymenoptera,Apidae,Eufriesea mexicana,"<a href=""https://www.ncbi.nlm.nih.gov/Taxonomy/Browser/wwwtax.cgi?id=516756"">516756</a>",NA,"<a href=""https://www.ncbi.nlm.nih.gov/genome/?term=44840"">44840</a>","<a href=""http://hymenopteragenome.org/"">Hymenoptera Genome Database</a>; <a href=""https://i5k.nal.usda.gov/"">i5k Workspace</a>"
Hymenoptera,Apidae,Habropoda laboriosa,"<a href=""https://www.ncbi.nlm.nih.gov/Taxonomy/Browser/wwwtax.cgi?id=597456"">597456</a>",NA,"<a href=""https://www.ncbi.nlm.nih.gov/genome/?term=39899"">39899</a>","<a href=""http://hymenopteragenome.org/"">Hymenoptera Genome Database</a>; <a href=""https://i5k.nal.usda.gov/"">i5k Workspace</a>"
Hymenoptera,Apidae,Melipona quadrifasciata,"<a href=""https://www.ncbi.nlm.nih.gov/Taxonomy/Browser/wwwtax.cgi?id=166423"">166423</a>",NA,"<a href=""https://www.ncbi.nlm.nih.gov/genome/?term=12726"">12726</a>","<a href=""https://i5k.nal.usda.gov/"">i5k Workspace</a>"
Hymenoptera,Braconidae,Cotesia vestalis,"<a href=""https://www.ncbi.nlm.nih.gov/Taxonomy/Browser/wwwtax.cgi?id=217443"">217443</a>",diamondback moth parasitoid,"<a href=""https://www.ncbi.nlm.nih.gov/genome/?term=12200"">12200</a>","<a href=""http://www.insect-genome.com/"">InsectBase</a>"
Hymenoptera,Braconidae,Diachasma alloeum,"<a href=""https://www.ncbi.nlm.nih.gov/Taxonomy/Browser/wwwtax.cgi?id=454923"">454923</a>",NA,"<a href=""https://www.ncbi.nlm.nih.gov/genome/?term=40839"">40839</a>","<a href=""https://i5k.nal.usda.gov/"">i5k Workspace</a>"
Hymenoptera,Braconidae,Fopius arisanus,"<a href=""https://www.ncbi.nlm.nih.gov/Taxonomy/Browser/wwwtax.cgi?id=64838"">64838</a>",NA,"<a href=""https://www.ncbi.nlm.nih.gov/genome/?term=35518"">35518</a>","<a href=""https://i5k.nal.usda.gov/"">i5k Workspace</a>; <a href=""http://www.insect-genome.com/"">InsectBase</a>"
Hymenoptera,Braconidae,Microplitis demolitor,"<a href=""https://www.ncbi.nlm.nih.gov/Taxonomy/Browser/wwwtax.cgi?id=69319"">69319</a>",NA,"<a href=""https://www.ncbi.nlm.nih.gov/genome/?term=12766"">12766</a>","<a href=""https://i5k.nal.usda.gov/"">i5k Workspace</a>; <a href=""http://www.insect-genome.com/"">InsectBase</a>"
Hymenoptera,Cephidae,Cephus cinctus,"<a href=""https://www.ncbi.nlm.nih.gov/Taxonomy/Browser/wwwtax.cgi?id=211228"">211228</a>",wheat stem sawfly,"<a href=""https://www.ncbi.nlm.nih.gov/genome/?term=14134"">14134</a>","<a href=""https://i5k.nal.usda.gov/"">i5k Workspace</a>; <a href=""http://www.insect-genome.com/"">InsectBase</a>"
Hymenoptera,Diprionidae,Neodiprion lecontei,"<a href=""https://www.ncbi.nlm.nih.gov/Taxonomy/Browser/wwwtax.cgi?id=441921"">441921</a>",redheaded pine sawfly,"<a href=""https://www.ncbi.nlm.nih.gov/genome/?term=39861"">39861</a>","<a href=""https://i5k.nal.usda.gov/"">i5k Workspace</a>"
Hymenoptera,Encyrtidae,Copidosoma floridanum,"<a href=""https://www.ncbi.nlm.nih.gov/Taxonomy/Browser/wwwtax.cgi?id=29053"">29053</a>",NA,"<a href=""https://www.ncbi.nlm.nih.gov/genome/?term=12734"">12734</a>","<a href=""https://i5k.nal.usda.gov/"">i5k Workspace</a>; <a href=""http://www.insect-genome.com/"">InsectBase</a>"
Hymenoptera,Figitidae,Leptopilina clavipes,"<a href=""https://www.ncbi.nlm.nih.gov/Taxonomy/Browser/wwwtax.cgi?id=63434"">63434</a>",NA,"<a href=""https://www.ncbi.nlm.nih.gov/genome/?term=12952"">12952</a>",
Hymenoptera,Formicidae,Acromyrmex echinatior,"<a href=""https://www.ncbi.nlm.nih.gov/Taxonomy/Browser/wwwtax.cgi?id=103372"">103372</a>",Panamanian leafcutter ant,"<a href=""https://www.ncbi.nlm.nih.gov/genome/?term=3519"">3519</a>","<a href=""http://hymenopteragenome.org/"">Hymenoptera Genome Database</a>; <a href=""http://www.insect-genome.com/"">InsectBase</a>"
Hymenoptera,Formicidae,Atta cephalotes,"<a href=""https://www.ncbi.nlm.nih.gov/Taxonomy/Browser/wwwtax.cgi?id=12957"">12957</a>",NA,"<a href=""https://www.ncbi.nlm.nih.gov/genome/?term=2844"">2844</a>","<a href=""http://hymenopteragenome.org/"">Hymenoptera Genome Database</a>; <a href=""http://www.insect-genome.com/"">InsectBase</a>"
Hymenoptera,Formicidae,Atta colombica,"<a href=""https://www.ncbi.nlm.nih.gov/Taxonomy/Browser/wwwtax.cgi?id=520822"">520822</a>",NA,"<a href=""https://www.ncbi.nlm.nih.gov/genome/?term=44113"">44113</a>",
Hymenoptera,Formicidae,Camponotus floridanus,"<a href=""https://www.ncbi.nlm.nih.gov/Taxonomy/Browser/wwwtax.cgi?id=104421"">104421</a>",Florida carpenter ant,"<a href=""https://www.ncbi.nlm.nih.gov/genome/?term=2966"">2966</a>","<a href=""http://hymenopteragenome.org/"">Hymenoptera Genome Database</a>; <a href=""http://www.insect-genome.com/"">InsectBase</a>"
Hymenoptera,Formicidae,Cerapachys biroi,"<a href=""https://www.ncbi.nlm.nih.gov/Taxonomy/Browser/wwwtax.cgi?id=443821"">443821</a>",clonal raider ant,"<a href=""https://www.ncbi.nlm.nih.gov/genome/?term=31543"">31543</a>","<a href=""http://hymenopteragenome.org/"">Hymenoptera Genome Database</a>; <a href=""http://www.insect-genome.com/"">InsectBase</a>"
Hymenoptera,Formicidae,Cyphomyrmex costatus,"<a href=""https://www.ncbi.nlm.nih.gov/Taxonomy/Browser/wwwtax.cgi?id=456900"">456900</a>",NA,"<a href=""https://www.ncbi.nlm.nih.gov/genome/?term=44114"">44114</a>",
Hymenoptera,Formicidae,Dinoponera quadriceps,"<a href=""https://www.ncbi.nlm.nih.gov/Taxonomy/Browser/wwwtax.cgi?id=609295"">609295</a>",NA,"<a href=""https://www.ncbi.nlm.nih.gov/genome/?term=40599"">40599</a>",
Hymenoptera,Formicidae,Harpegnathos saltator,"<a href=""https://www.ncbi.nlm.nih.gov/Taxonomy/Browser/wwwtax.cgi?id=610380"">610380</a>",NA,"<a href=""https://www.ncbi.nlm.nih.gov/genome/?term=2965"">2965</a>","<a href=""http://hymenopteragenome.org/"">Hymenoptera Genome Database</a>; <a href=""http://www.insect-genome.com/"">InsectBase</a>"
Hymenoptera,Formicidae,Lasius niger,"<a href=""https://www.ncbi.nlm.nih.gov/Taxonomy/Browser/wwwtax.cgi?id=67767"">67767</a>",NA,"<a href=""https://www.ncbi.nlm.nih.gov/genome/?term=14569"">14569</a>",
Hymenoptera,Formicidae,Linepithema humile,"<a href=""https://www.ncbi.nlm.nih.gov/Taxonomy/Browser/wwwtax.cgi?id=83485"">83485</a>",Argentine ant,"<a href=""https://www.ncbi.nlm.nih.gov/genome/?term=2733"">2733</a>","<a href=""http://hymenopteragenome.org/"">Hymenoptera Genome Database</a>; <a href=""http://www.insect-genome.com/"">InsectBase</a>"
Hymenoptera,Formicidae,Monomorium pharaonis,"<a href=""https://www.ncbi.nlm.nih.gov/Taxonomy/Browser/wwwtax.cgi?id=307658"">307658</a>",pharaoh ant,"<a href=""https://www.ncbi.nlm.nih.gov/genome/?term=37124"">37124</a>","<a href=""http://www.insect-genome.com/"">InsectBase</a>"
Hymenoptera,Formicidae,Pogonomyrmex barbatus,"<a href=""https://www.ncbi.nlm.nih.gov/Taxonomy/Browser/wwwtax.cgi?id=144034"">144034</a>",red harvester ant,"<a href=""https://www.ncbi.nlm.nih.gov/genome/?term=2732"">2732</a>","<a href=""http://hymenopteragenome.org/"">Hymenoptera Genome Database</a>; <a href=""http://www.insect-genome.com/"">InsectBase</a>"
Hymenoptera,Formicidae,Pseudomyrmex gracilis,"<a href=""https://www.ncbi.nlm.nih.gov/Taxonomy/Browser/wwwtax.cgi?id=219809"">219809</a>",NA,"<a href=""https://www.ncbi.nlm.nih.gov/genome/?term=53069"">53069</a>",
Hymenoptera,Formicidae,Solenopsis invicta,"<a href=""https://www.ncbi.nlm.nih.gov/Taxonomy/Browser/wwwtax.cgi?id=13686"">13686</a>",red fire ant; imported red fire ant; red imported fire ant,"<a href=""https://www.ncbi.nlm.nih.gov/genome/?term=2938"">2938</a>","<a href=""http://hymenopteragenome.org/"">Hymenoptera Genome Database</a>; <a href=""http://www.insect-genome.com/"">InsectBase</a>"
Hymenoptera,Formicidae,Trachymyrmex cornetzi,"<a href=""https://www.ncbi.nlm.nih.gov/Taxonomy/Browser/wwwtax.cgi?id=471704"">471704</a>",NA,"<a href=""https://www.ncbi.nlm.nih.gov/genome/?term=44115"">44115</a>",
Hymenoptera,Formicidae,Trachymyrmex septentrionalis,"<a href=""https://www.ncbi.nlm.nih.gov/Taxonomy/Browser/wwwtax.cgi?id=34720"">34720</a>",NA,"<a href=""https://www.ncbi.nlm.nih.gov/genome/?term=44116"">44116</a>",
Hymenoptera,Formicidae,Trachymyrmex zeteki,"<a href=""https://www.ncbi.nlm.nih.gov/Taxonomy/Browser/wwwtax.cgi?id=64791"">64791</a>",NA,"<a href=""https://www.ncbi.nlm.nih.gov/genome/?term=44394"">44394</a>",
Hymenoptera,Formicidae,Vollenhovia emeryi,"<a href=""https://www.ncbi.nlm.nih.gov/Taxonomy/Browser/wwwtax.cgi?id=411798"">411798</a>",NA,"<a href=""https://www.ncbi.nlm.nih.gov/genome/?term=36511"">36511</a>","<a href=""http://www.insect-genome.com/"">InsectBase</a>"
Hymenoptera,Formicidae,Wasmannia auropunctata,"<a href=""https://www.ncbi.nlm.nih.gov/Taxonomy/Browser/wwwtax.cgi?id=64793"">64793</a>",little fire ant,"<a href=""https://www.ncbi.nlm.nih.gov/genome/?term=36651"">36651</a>","<a href=""http://www.insect-genome.com/"">InsectBase</a>"
Hymenoptera,Halictidae,Dufourea novaeangliae,"<a href=""https://www.ncbi.nlm.nih.gov/Taxonomy/Browser/wwwtax.cgi?id=178035"">178035</a>",NA,"<a href=""https://www.ncbi.nlm.nih.gov/genome/?term=39971"">39971</a>","<a href=""http://hymenopteragenome.org/"">Hymenoptera Genome Database</a>; <a href=""https://i5k.nal.usda.gov/"">i5k Workspace</a>"
Hymenoptera,Halictidae,Lasioglossum albipes,"<a href=""https://www.ncbi.nlm.nih.gov/Taxonomy/Browser/wwwtax.cgi?id=88501"">88501</a>",NA,"<a href=""https://www.ncbi.nlm.nih.gov/genome/?term=15038"">15038</a>","<a href=""http://hymenopteragenome.org/"">Hymenoptera Genome Database</a>; <a href=""https://i5k.nal.usda.gov/"">i5k Workspace</a>"
Hymenoptera,Megachilidae,Megachile rotundata,"<a href=""https://www.ncbi.nlm.nih.gov/Taxonomy/Browser/wwwtax.cgi?id=143995"">143995</a>",alfalfa leafcutting bee,"<a href=""https://www.ncbi.nlm.nih.gov/genome/?term=6563"">6563</a>","<a href=""http://hymenopteragenome.org/"">Hymenoptera Genome Database</a>; <a href=""https://i5k.nal.usda.gov/"">i5k Workspace</a>; <a href=""http://www.insect-genome.com/"">InsectBase</a>"
Hymenoptera,Orussidae,Orussus abietinus,"<a href=""https://www.ncbi.nlm.nih.gov/Taxonomy/Browser/wwwtax.cgi?id=222816"">222816</a>",NA,"<a href=""https://www.ncbi.nlm.nih.gov/genome/?term=14602"">14602</a>","<a href=""https://i5k.nal.usda.gov/"">i5k Workspace</a>; <a href=""http://www.insect-genome.com/"">InsectBase</a>"
Hymenoptera,Pteromalidae,Nasonia giraulti,"<a href=""https://www.ncbi.nlm.nih.gov/Taxonomy/Browser/wwwtax.cgi?id=7426"">7426</a>",NA,"<a href=""https://www.ncbi.nlm.nih.gov/genome/?term=759"">759</a>","<a href=""http://www.insect-genome.com/"">InsectBase</a>"
Hymenoptera,Pteromalidae,Nasonia longicornis,"<a href=""https://www.ncbi.nlm.nih.gov/Taxonomy/Browser/wwwtax.cgi?id=7427"">7427</a>",NA,"<a href=""https://www.ncbi.nlm.nih.gov/genome/?term=760"">760</a>","<a href=""http://www.insect-genome.com/"">InsectBase</a>"
Hymenoptera,Pteromalidae,Nasonia vitripennis,"<a href=""https://www.ncbi.nlm.nih.gov/Taxonomy/Browser/wwwtax.cgi?id=7425"">7425</a>",jewel wasp,"<a href=""https://www.ncbi.nlm.nih.gov/genome/?term=449"">449</a>","<a href=""http://www.insect-genome.com/"">InsectBase</a>"
Hymenoptera,Tenthredinidae,Athalia rosae,"<a href=""https://www.ncbi.nlm.nih.gov/Taxonomy/Browser/wwwtax.cgi?id=37344"">37344</a>",coleseed sawfly,"<a href=""https://www.ncbi.nlm.nih.gov/genome/?term=14027"">14027</a>","<a href=""https://i5k.nal.usda.gov/"">i5k Workspace</a>; <a href=""http://www.insect-genome.com/"">InsectBase</a>"
Hymenoptera,Trichogrammatidae,Trichogramma pretiosum,"<a href=""https://www.ncbi.nlm.nih.gov/Taxonomy/Browser/wwwtax.cgi?id=7493"">7493</a>",NA,"<a href=""https://www.ncbi.nlm.nih.gov/genome/?term=14106"">14106</a>","<a href=""https://i5k.nal.usda.gov/"">i5k Workspace</a>; <a href=""http://www.insect-genome.com/"">InsectBase</a>"
Hymenoptera,Vespidae,Polistes canadensis,"<a href=""https://www.ncbi.nlm.nih.gov/Taxonomy/Browser/wwwtax.cgi?id=91411"">91411</a>",NA,"<a href=""https://www.ncbi.nlm.nih.gov/genome/?term=16494"">16494</a>",
Hymenoptera,Vespidae,Polistes dominula,"<a href=""https://www.ncbi.nlm.nih.gov/Taxonomy/Browser/wwwtax.cgi?id=743375"">743375</a>",European paper wasp,"<a href=""https://www.ncbi.nlm.nih.gov/genome/?term=42066"">42066</a>",
Isopoda,Armadillidiidae,Armadillidium vulgare,"<a href=""https://www.ncbi.nlm.nih.gov/Taxonomy/Browser/wwwtax.cgi?id=13347"">13347</a>",common pillbug,"<a href=""https://www.ncbi.nlm.nih.gov/genome/?term=50510"">50510</a>",
Isopoda,Ligiidae,Ligia exotica,"<a href=""https://www.ncbi.nlm.nih.gov/Taxonomy/Browser/wwwtax.cgi?id=142080"">142080</a>",NA,"<a href=""https://www.ncbi.nlm.nih.gov/genome/?term=54073"">54073</a>",
Ixodida,Ixodidae,Ixodes ricinus,"<a href=""https://www.ncbi.nlm.nih.gov/Taxonomy/Browser/wwwtax.cgi?id=34613"">34613</a>",castor bean tick,"<a href=""https://www.ncbi.nlm.nih.gov/genome/?term=16267"">16267</a>",
Ixodida,Ixodidae,Ixodes scapularis,"<a href=""https://www.ncbi.nlm.nih.gov/Taxonomy/Browser/wwwtax.cgi?id=6945"">6945</a>",blacklegged tick; deer tick; shoulder tick,"<a href=""https://www.ncbi.nlm.nih.gov/genome/?term=523"">523</a>","<a href=""https://www.vectorbase.org/"">VectorBase</a>"
Ixodida,Ixodidae,Rhipicephalus microplus,"<a href=""https://www.ncbi.nlm.nih.gov/Taxonomy/Browser/wwwtax.cgi?id=6941"">6941</a>",southern cattle tick; cattle tick,"<a href=""https://www.ncbi.nlm.nih.gov/genome/?term=2797"">2797</a>","<a href=""http://cattletickbase.ccgapps.com.au/"">CattleTickBase</a>"
Lepidoptera,Bombycidae,Bombyx mori,"<a href=""https://www.ncbi.nlm.nih.gov/Taxonomy/Browser/wwwtax.cgi?id=7091"">7091</a>",domestic silkworm; silk moth; silkworm,"<a href=""https://www.ncbi.nlm.nih.gov/genome/?term=76"">76</a>","<a href=""http://lepbase.org/"">Lepbase</a>; <a href=""http://silkworm.genomics.org.cn/"">SilkDB</a>; <a href=""http://sgp.dna.affrc.go.jp/KAIKObase/"">KAIKObase</a>; <a href=""http://www.insect-genome.com/"">InsectBase</a>"
Lepidoptera,Crambidae,Chilo suppressalis,"<a href=""https://www.ncbi.nlm.nih.gov/Taxonomy/Browser/wwwtax.cgi?id=168631"">168631</a>",striped riceborer; Asiatic rice borer; striped rice borer,"<a href=""https://www.ncbi.nlm.nih.gov/genome/?term=13084"">13084</a>","<a href=""http://lepbase.org/"">Lepbase</a>; <a href=""http://www.insect-genome.com/"">InsectBase</a>"
Lepidoptera,Geometridae,Operophtera brumata,"<a href=""https://www.ncbi.nlm.nih.gov/Taxonomy/Browser/wwwtax.cgi?id=104452"">104452</a>",winter moth,"<a href=""https://www.ncbi.nlm.nih.gov/genome/?term=39883"">39883</a>","<a href=""http://lepbase.org/"">Lepbase</a>"
Lepidoptera,Hesperiidae,Lerema accius,"<a href=""https://www.ncbi.nlm.nih.gov/Taxonomy/Browser/wwwtax.cgi?id=691651"">691651</a>",NA,"<a href=""https://www.ncbi.nlm.nih.gov/genome/?term=40057"">40057</a>","<a href=""http://lepbase.org/"">Lepbase</a>"
Lepidoptera,Lycaenidae,Calycopis cecrops,"<a href=""https://www.ncbi.nlm.nih.gov/Taxonomy/Browser/wwwtax.cgi?id=691633"">691633</a>",NA,"<a href=""https://www.ncbi.nlm.nih.gov/genome/?term=44594"">44594</a>","<a href=""http://lepbase.org/"">Lepbase</a>"
Lepidoptera,Noctuidae,Spodoptera frugiperda,"<a href=""https://www.ncbi.nlm.nih.gov/Taxonomy/Browser/wwwtax.cgi?id=7108"">7108</a>",fall armyworm,"<a href=""https://www.ncbi.nlm.nih.gov/genome/?term=10985"">10985</a>","<a href=""http://bipaa.genouest.org/is/lepidodb/"">LepidoDB</a>; <a href=""http://bioweb.ensam.inra.fr/spodobase/"">Spodobase</a>; <a href=""http://www.insect-genome.com/"">InsectBase</a>"
Lepidoptera,Nymphalidae,Danaus plexippus,"<a href=""https://www.ncbi.nlm.nih.gov/Taxonomy/Browser/wwwtax.cgi?id=13037"">13037</a>",monarch butterfly; American monarch,"<a href=""https://www.ncbi.nlm.nih.gov/genome/?term=11702"">11702</a>","<a href=""http://lepbase.org/"">Lepbase</a>; <a href=""http://monarchbase.umassmed.edu/"">MonarchBase</a>; <a href=""http://www.insect-genome.com/"">InsectBase</a>"
Lepidoptera,Nymphalidae,Heliconius cydno,"<a href=""https://www.ncbi.nlm.nih.gov/Taxonomy/Browser/wwwtax.cgi?id=33424"">33424</a>",NA,"<a href=""https://www.ncbi.nlm.nih.gov/genome/?term=10843"">10843</a>","<a href=""http://lepbase.org/"">Lepbase</a>"
Lepidoptera,Nymphalidae,Heliconius elevatus,"<a href=""https://www.ncbi.nlm.nih.gov/Taxonomy/Browser/wwwtax.cgi?id=33444"">33444</a>",NA,"<a href=""https://www.ncbi.nlm.nih.gov/genome/?term=42294"">42294</a>","<a href=""http://lepbase.org/"">Lepbase</a>"
Lepidoptera,Nymphalidae,Heliconius ethilla,"<a href=""https://www.ncbi.nlm.nih.gov/Taxonomy/Browser/wwwtax.cgi?id=33418"">33418</a>",NA,"<a href=""https://www.ncbi.nlm.nih.gov/genome/?term=42293"">42293</a>",
Lepidoptera,Nymphalidae,Heliconius hecale,"<a href=""https://www.ncbi.nlm.nih.gov/Taxonomy/Browser/wwwtax.cgi?id=33425"">33425</a>",NA,"<a href=""https://www.ncbi.nlm.nih.gov/genome/?term=33769"">33769</a>","<a href=""http://lepbase.org/"">Lepbase</a>"
Lepidoptera,Nymphalidae,Heliconius ismenius,"<a href=""https://www.ncbi.nlm.nih.gov/Taxonomy/Browser/wwwtax.cgi?id=33427"">33427</a>",NA,"<a href=""https://www.ncbi.nlm.nih.gov/genome/?term=36108"">36108</a>",
Lepidoptera,Nymphalidae,Heliconius melpomene,"<a href=""https://www.ncbi.nlm.nih.gov/Taxonomy/Browser/wwwtax.cgi?id=34740"">34740</a>",postman butterfly; common postman,"<a href=""https://www.ncbi.nlm.nih.gov/genome/?term=10844"">10844</a>","<a href=""http://lepbase.org/"">Lepbase</a>; <a href=""http://www.insect-genome.com/"">InsectBase</a>"
Lepidoptera,Nymphalidae,Heliconius numata,"<a href=""https://www.ncbi.nlm.nih.gov/Taxonomy/Browser/wwwtax.cgi?id=33419"">33419</a>",NA,"<a href=""https://www.ncbi.nlm.nih.gov/genome/?term=12823"">12823</a>","<a href=""http://lepbase.org/"">Lepbase</a>"
Lepidoptera,Nymphalidae,Heliconius pardalinus,"<a href=""https://www.ncbi.nlm.nih.gov/Taxonomy/Browser/wwwtax.cgi?id=33441"">33441</a>",NA,"<a href=""https://www.ncbi.nlm.nih.gov/genome/?term=42296"">42296</a>","<a href=""http://lepbase.org/"">Lepbase</a>"
Lepidoptera,Nymphalidae,Heliconius timareta,"<a href=""https://www.ncbi.nlm.nih.gov/Taxonomy/Browser/wwwtax.cgi?id=101932"">101932</a>",NA,"<a href=""https://www.ncbi.nlm.nih.gov/genome/?term=15536"">15536</a>","<a href=""http://lepbase.org/"">Lepbase</a>"
Lepidoptera,Nymphalidae,Melitaea cinxia,"<a href=""https://www.ncbi.nlm.nih.gov/Taxonomy/Browser/wwwtax.cgi?id=113334"">113334</a>",Glanville fritillary,"<a href=""https://www.ncbi.nlm.nih.gov/genome/?term=814"">814</a>","<a href=""http://lepbase.org/"">Lepbase</a>; <a href=""http://www.insect-genome.com/"">InsectBase</a>"
Lepidoptera,Papilionidae,Papilio glaucus,"<a href=""https://www.ncbi.nlm.nih.gov/Taxonomy/Browser/wwwtax.cgi?id=45779"">45779</a>",eastern tiger swallowtail; tiger swallowtail,"<a href=""https://www.ncbi.nlm.nih.gov/genome/?term=36240"">36240</a>","<a href=""http://lepbase.org/"">Lepbase</a>; <a href=""http://www.insect-genome.com/"">InsectBase</a>"
Lepidoptera,Papilionidae,Papilio machaon,"<a href=""https://www.ncbi.nlm.nih.gov/Taxonomy/Browser/wwwtax.cgi?id=76193"">76193</a>",common yellow swallowtail; Old World swallowtail; artemisia swallowtail,"<a href=""https://www.ncbi.nlm.nih.gov/genome/?term=14159"">14159</a>","<a href=""http://lepbase.org/"">Lepbase</a>"
Lepidoptera,Papilionidae,Papilio polytes,"<a href=""https://www.ncbi.nlm.nih.gov/Taxonomy/Browser/wwwtax.cgi?id=76194"">76194</a>",common Mormon,"<a href=""https://www.ncbi.nlm.nih.gov/genome/?term=33756"">33756</a>","<a href=""http://lepbase.org/"">Lepbase</a>; <a href=""http://www.insect-genome.com/"">InsectBase</a>"
Lepidoptera,Papilionidae,Papilio xuthus,"<a href=""https://www.ncbi.nlm.nih.gov/Taxonomy/Browser/wwwtax.cgi?id=66420"">66420</a>",Asian swallowtail; Chinese swallowtail; Chinese yellow swallowtail,"<a href=""https://www.ncbi.nlm.nih.gov/genome/?term=13942"">13942</a>","<a href=""http://lepbase.org/"">Lepbase</a>; <a href=""http://www.insect-genome.com/"">InsectBase</a>"
Lepidoptera,Pieridae,Phoebis sennae,"<a href=""https://www.ncbi.nlm.nih.gov/Taxonomy/Browser/wwwtax.cgi?id=40077"">40077</a>",cloudless sulphur butterfly,"<a href=""https://www.ncbi.nlm.nih.gov/genome/?term=44038"">44038</a>","<a href=""http://lepbase.org/"">Lepbase</a>"
Lepidoptera,Pieridae,Pieris rapae,"<a href=""https://www.ncbi.nlm.nih.gov/Taxonomy/Browser/wwwtax.cgi?id=64459"">64459</a>",cabbage white; European cabbage white; small cabbage white; small white,"<a href=""https://www.ncbi.nlm.nih.gov/genome/?term=10517"">10517</a>",
Lepidoptera,Plutellidae,Plutella xylostella,"<a href=""https://www.ncbi.nlm.nih.gov/Taxonomy/Browser/wwwtax.cgi?id=51655"">51655</a>",diamondback moth; cabbage moth,"<a href=""https://www.ncbi.nlm.nih.gov/genome/?term=11570"">11570</a>","<a href=""http://lepbase.org/"">Lepbase</a>; <a href=""http://www.iae.fafu.edu.cn/DBM/index.php"">DBM-DB</a>; <a href=""http://dbm.dna.affrc.go.jp/px/"">Diamondback moth genome database</a>; <a href=""http://www.insect-genome.com/"">InsectBase</a>"
Lepidoptera,Pyralidae,Amyelois transitella,"<a href=""https://www.ncbi.nlm.nih.gov/Taxonomy/Browser/wwwtax.cgi?id=680683"">680683</a>",NA,"<a href=""https://www.ncbi.nlm.nih.gov/genome/?term=38909"">38909</a>","<a href=""https://i5k.nal.usda.gov/"">i5k Workspace</a>; <a href=""http://lepbase.org/"">Lepbase</a>"
Lepidoptera,Sphingidae,Manduca sexta,"<a href=""https://www.ncbi.nlm.nih.gov/Taxonomy/Browser/wwwtax.cgi?id=7130"">7130</a>",tobacco hornworm; Carolina sphinx; hornblower; tobacco hawkmoth; tomato hornworm,"<a href=""https://www.ncbi.nlm.nih.gov/genome/?term=12037"">12037</a>","<a href=""https://i5k.nal.usda.gov/"">i5k Workspace</a>; <a href=""http://lepbase.org/"">Lepbase</a>; <a href=""http://www.insect-genome.com/"">InsectBase</a>"
Mesostigmata,Laelapidae,Tropilaelaps mercedesae,"<a href=""https://www.ncbi.nlm.nih.gov/Taxonomy/Browser/wwwtax.cgi?id=418985"">418985</a>",NA,"<a href=""https://www.ncbi.nlm.nih.gov/genome/?term=53919"">53919</a>",
Mesostigmata,Phytoseiidae,Galendromus occidentalis,"<a href=""https://www.ncbi.nlm.nih.gov/Taxonomy/Browser/wwwtax.cgi?id=34638"">34638</a>",western predatory mite,"<a href=""https://www.ncbi.nlm.nih.gov/genome/?term=3487"">3487</a>",
Mesostigmata,Varroidae,Varroa destructor,"<a href=""https://www.ncbi.nlm.nih.gov/Taxonomy/Browser/wwwtax.cgi?id=109461"">109461</a>",honeybee mite; honeybee ectoparasitic mite,"<a href=""https://www.ncbi.nlm.nih.gov/genome/?term=937"">937</a>","<a href=""http://hymenopteragenome.org/"">Hymenoptera Genome Database</a>"
NA,Entomobryidae,Orchesella cincta,"<a href=""https://www.ncbi.nlm.nih.gov/Taxonomy/Browser/wwwtax.cgi?id=48709"">48709</a>",NA,"<a href=""https://www.ncbi.nlm.nih.gov/genome/?term=13208"">13208</a>",
NA,Tetranychidae,Tetranychus urticae,"<a href=""https://www.ncbi.nlm.nih.gov/Taxonomy/Browser/wwwtax.cgi?id=32264"">32264</a>",red spider mite; twospotted mite,"<a href=""https://www.ncbi.nlm.nih.gov/genome/?term=2710"">2710</a>",
Notostraca,Triopsidae,Triops cancriformis,"<a href=""https://www.ncbi.nlm.nih.gov/Taxonomy/Browser/wwwtax.cgi?id=194544"">194544</a>",NA,"<a href=""https://www.ncbi.nlm.nih.gov/genome/?term=7259"">7259</a>",
Odonata,Calopterygidae,Calopteryx splendens,"<a href=""https://www.ncbi.nlm.nih.gov/Taxonomy/Browser/wwwtax.cgi?id=52612"">52612</a>",NA,"<a href=""https://www.ncbi.nlm.nih.gov/genome/?term=54086"">54086</a>",
Odonata,Libellulidae,Ladona fulva,"<a href=""https://www.ncbi.nlm.nih.gov/Taxonomy/Browser/wwwtax.cgi?id=123851"">123851</a>",scarce chaser,"<a href=""https://www.ncbi.nlm.nih.gov/genome/?term=17240"">17240</a>","<a href=""https://i5k.nal.usda.gov/"">i5k Workspace</a>; <a href=""http://www.insect-genome.com/"">InsectBase</a>"
Oribatida,Achipteriidae,Achipteria coleoptrata,"<a href=""https://www.ncbi.nlm.nih.gov/Taxonomy/Browser/wwwtax.cgi?id=229769"">229769</a>",NA,"<a href=""https://www.ncbi.nlm.nih.gov/genome/?term=37199"">37199</a>",
Oribatida,Camisiidae,Platynothrus peltifer,"<a href=""https://www.ncbi.nlm.nih.gov/Taxonomy/Browser/wwwtax.cgi?id=128015"">128015</a>",NA,"<a href=""https://www.ncbi.nlm.nih.gov/genome/?term=37201"">37201</a>",
Oribatida,Hypochthoniidae,Hypochthonius rufulus,"<a href=""https://www.ncbi.nlm.nih.gov/Taxonomy/Browser/wwwtax.cgi?id=66581"">66581</a>",NA,"<a href=""https://www.ncbi.nlm.nih.gov/genome/?term=37200"">37200</a>",
Oribatida,Steganacaridae,Steganacarus magnus,"<a href=""https://www.ncbi.nlm.nih.gov/Taxonomy/Browser/wwwtax.cgi?id=52000"">52000</a>",NA,"<a href=""https://www.ncbi.nlm.nih.gov/genome/?term=8750"">8750</a>",
Orthoptera,Acrididae,Locusta migratoria,"<a href=""https://www.ncbi.nlm.nih.gov/Taxonomy/Browser/wwwtax.cgi?id=7004"">7004</a>",migratory locust,"<a href=""https://www.ncbi.nlm.nih.gov/genome/?term=10772"">10772</a>","<a href=""http://www.insect-genome.com/"">InsectBase</a>"
Phasmatodea,Timematidae,Timema cristinae,"<a href=""https://www.ncbi.nlm.nih.gov/Taxonomy/Browser/wwwtax.cgi?id=61476"">61476</a>",NA,"<a href=""https://www.ncbi.nlm.nih.gov/genome/?term=53264"">53264</a>","<a href=""http://www.insect-genome.com/"">InsectBase</a>"
Phthiraptera,Pediculidae,Pediculus humanus,"<a href=""https://www.ncbi.nlm.nih.gov/Taxonomy/Browser/wwwtax.cgi?id=121225"">121225</a>",human louse; body lice; head lice; human lice,"<a href=""https://www.ncbi.nlm.nih.gov/genome/?term=522"">522</a>","<a href=""https://www.vectorbase.org/"">VectorBase</a>; <a href=""http://www.insect-genome.com/"">InsectBase</a>"
Plecoptera,Nemouridae,Amphinemura sulcicollis,"<a href=""https://www.ncbi.nlm.nih.gov/Taxonomy/Browser/wwwtax.cgi?id=143724"">143724</a>",NA,"<a href=""https://www.ncbi.nlm.nih.gov/genome/?term=45286"">45286</a>",
Plecoptera,Perlodidae,Isoperla grammatica,"<a href=""https://www.ncbi.nlm.nih.gov/Taxonomy/Browser/wwwtax.cgi?id=552050"">552050</a>",NA,"<a href=""https://www.ncbi.nlm.nih.gov/genome/?term=45288"">45288</a>",
Scorpiones,Buthidae,Centruroides exilicauda,"<a href=""https://www.ncbi.nlm.nih.gov/Taxonomy/Browser/wwwtax.cgi?id=6879"">6879</a>",bark scorpion,"<a href=""https://www.ncbi.nlm.nih.gov/genome/?term=32233"">32233</a>","<a href=""https://i5k.nal.usda.gov/"">i5k Workspace</a>"
Scorpiones,Buthidae,Mesobuthus martensii,"<a href=""https://www.ncbi.nlm.nih.gov/Taxonomy/Browser/wwwtax.cgi?id=34649"">34649</a>",Chinese scorpion; Manchurian scorpion,"<a href=""https://www.ncbi.nlm.nih.gov/genome/?term=14571"">14571</a>",
Siphonostomatoida,Caligidae,Caligus rogercresseyi,"<a href=""https://www.ncbi.nlm.nih.gov/Taxonomy/Browser/wwwtax.cgi?id=217165"">217165</a>",NA,"<a href=""https://www.ncbi.nlm.nih.gov/genome/?term=38161"">38161</a>",
Siphonostomatoida,Caligidae,Lepeophtheirus salmonis,"<a href=""https://www.ncbi.nlm.nih.gov/Taxonomy/Browser/wwwtax.cgi?id=72036"">72036</a>",salmon louse,"<a href=""https://www.ncbi.nlm.nih.gov/genome/?term=2713"">2713</a>",
Strepsiptera,Mengenillidae,Mengenilla moldrzyki,"<a href=""https://www.ncbi.nlm.nih.gov/Taxonomy/Browser/wwwtax.cgi?id=1155016"">1155016</a>",NA,"<a href=""https://www.ncbi.nlm.nih.gov/genome/?term=14989"">14989</a>","<a href=""http://www.insect-genome.com/"">InsectBase</a>"
Thysanoptera,Thripidae,Frankliniella occidentalis,"<a href=""https://www.ncbi.nlm.nih.gov/Taxonomy/Browser/wwwtax.cgi?id=133901"">133901</a>",western flower thrips,"<a href=""https://www.ncbi.nlm.nih.gov/genome/?term=14741"">14741</a>","<a href=""https://i5k.nal.usda.gov/"">i5k Workspace</a>; <a href=""http://www.insect-genome.com/"">InsectBase</a>"
Trichoptera,Limnephilidae,Limnephilus lunatus,"<a href=""https://www.ncbi.nlm.nih.gov/Taxonomy/Browser/wwwtax.cgi?id=1218281"">1218281</a>",NA,"<a href=""https://www.ncbi.nlm.nih.gov/genome/?term=17773"">17773</a>","<a href=""https://i5k.nal.usda.gov/"">i5k Workspace</a>; <a href=""http://lepbase.org/"">Lepbase</a>; <a href=""http://www.insect-genome.com/"">InsectBase</a>"
Xiphosura,Limulidae,Limulus polyphemus,"<a href=""https://www.ncbi.nlm.nih.gov/Taxonomy/Browser/wwwtax.cgi?id=6850"">6850</a>",Atlantic horseshoe crab,"<a href=""https://www.ncbi.nlm.nih.gov/genome/?term=787"">787</a>",